joueur,img,niveau,vitesse,culture_classique,culture_moderne,culture_generale,tradition,geographie,histoire,musique,science,nature,sport,matin,apres_midi,soir,nuit,regularite
kirafr,103,81,54,91,76,77,83,83,82,71,76,73,97,"0,1","0,2","0,6","0,1","0,6"
kydeus,,79,53,81,82,58,88,60,91,68,84,92,84,0,"0,4","0,2","0,4","0,4"
celine76540,118,78,40,79,94,88,93,76,59,89,72,70,55,"0,1","0,4","0,4","0,1","0,1"
maitre-bleu,164,76,44,68,78,80,67,83,67,69,72,80,96,"0,5","0,1","0,3","0,1","0,1"
sirocco,237,74,65,46,75,65,74,88,73,66,68,89,94,0,"0,1","0,7","0,2","0,3"
qwarrock,,73,60,84,67,66,85,74,57,81,80,81,53,0,"0,6","0,3","0,1","0,6"
eiko-p2d,,72,50,72,79,74,69,64,67,71,74,79,76,"0,2","0,1","0,2","0,5","0,3"
chloe_dps,,72,42,45,72,85,69,85,83,59,61,79,84,"0,1",0,"0,8","0,1","0,1"
sacrezar,337,72,34,70,73,61,73,80,59,79,86,57,82,"0,1","0,5","0,1","0,3","0,5"
deixune,,72,61,66,57,82,70,83,76,62,73,77,71,"0,3","0,1","0,3","0,3","0,3"
magellan,,72,33,84,76,63,77,63,76,77,70,63,67,"0,1","0,2","0,6","0,1","0,2"
albane-mct,,71,55,80,74,65,69,65,69,55,83,71,84,"0,2","0,1","0,3","0,4","0,1"
portalconquest,,71,42,97,69,83,60,56,70,74,71,65,68,0,"0,1","0,7","0,2","0,1"
m8_pepito,326,71,43,67,66,66,87,88,85,57,61,67,65,"0,1","0,5","0,3","0,1","0,5"
hiddensquid,,71,53,76,64,56,76,69,78,54,77,84,71,0,"0,1","0,7","0,2","0,1"
mathis1678,,71,45,76,74,76,71,76,71,74,62,71,55,"0,0","0,4","0,3","0,3","0,1"
simaos97,,70,39,80,83,49,57,70,91,75,62,75,61,0,"0,4","0,5","0,1","0,4"
mcmk,,70,57,76,76,69,77,76,78,61,63,63,59,0,"0,4","0,4","0,2","0,4"
shinji-14,207,69,58,70,78,90,52,63,60,74,64,72,67,"0,0","0,5","0,5","0,0","0,4"
calliope,234,69,57,66,77,79,73,73,76,62,75,49,60,"0,1","0,2","0,3","0,4","0,3"
aki0,201,69,48,60,91,71,51,73,75,64,59,77,64,"0,2","0,0","0,8","0,0","0,1"
rafos52,,68,53,61,76,68,86,67,66,65,66,66,63,0,"0,2","0,6","0,2","0,2"
lass-atlas,,68,34,67,85,73,66,53,78,63,78,46,74,"0,0","0,1","0,6","0,3","0,2"
crayina,,67,62,83,65,66,72,67,82,71,45,57,65,0,0,"0,9","0,1","0,1"
18eddi,121,67,33,58,67,69,81,61,53,68,84,65,65,0,"0,1","0,7","0,2","0,2"
ladypool,,67,69,76,76,75,78,75,59,60,56,58,58,0,"0,7","0,3",0,"0,4"
yuleo,133,67,53,88,67,55,61,77,72,57,61,63,68,"0,2","0,2","0,4","0,2","0,1"
nyphys,,67,62,51,59,56,77,51,73,75,76,70,79,"0,1","0,1","0,6","0,2","0,1"
sorencelli,146,67,54,75,60,49,77,69,57,68,82,65,63,"0,0","0,1","0,5","0,4","0,3"
clair-h,152,66,55,58,57,59,65,70,66,84,75,64,68,"0,0","0,2","0,8","0,0","0,1"
saumonmayo,264,66,56,70,59,64,57,84,68,60,64,77,61,0,0,"0,7","0,3","0,1"
molusk56,86,66,58,81,73,55,60,60,78,90,63,40,61,0,"0,1","0,4","0,5","0,7"
mewtwo,136,66,71,68,73,72,60,62,63,74,70,57,62,0,"0,5","0,4","0,1","0,1"
gibson,,66,53,58,83,73,67,60,59,70,74,52,63,"0,1","0,1","0,4","0,4","0,1"
mariuscuyper,,66,39,55,73,69,52,82,65,59,61,60,84,"0,1","0,3","0,3","0,3","0,3"
kyann36,,65,55,65,55,70,64,66,70,60,78,80,47,"0,2","0,2","0,6",0,"0,2"
princessedelu,155,65,51,62,63,71,64,69,68,63,52,64,78,"0,0","0,0","0,9","0,1","0,2"
damienroulet,,65,34,60,59,57,77,72,56,63,67,69,72,0,"0,3","0,6","0,1","0,3"
santi_305,,65,34,58,52,79,54,63,72,82,69,51,70,"0,0","0,0","0,9","0,1","0,3"
arenamold,117,65,37,62,78,73,51,70,67,60,65,54,71,"0,0","0,1","0,5","0,4","0,1"
mistral_gagnant,,65,35,61,56,66,65,63,75,72,57,68,66,0,"0,1","0,6","0,3","0,3"
henleya,,65,39,53,80,66,69,55,68,74,43,71,70,"0,2","0,2","0,6",0,"0,2"
mr_edouard,,65,41,75,49,65,63,74,53,64,61,75,68,"0,1",0,"0,7","0,2","0,1"
tchoupiiii,,65,69,49,43,69,78,76,80,65,60,65,63,"0,2","0,1","0,3","0,4","0,1"
genzo,,65,43,56,74,52,67,60,66,77,57,82,56,"0,1","0,2","0,5","0,2","0,2"
canabendy,,65,32,64,52,59,69,62,64,79,79,60,56,"0,1","0,1","0,5","0,3","0,1"
aequinox,,64,48,64,65,53,59,44,67,80,75,72,65,0,"0,3","0,3","0,4","0,3"
nbsssssssss,,64,55,57,50,64,63,67,77,64,63,62,76,"0,0","0,3","0,6","0,1","0,4"
warren78,,64,59,78,59,65,64,50,74,65,55,73,59,0,"0,2","0,4","0,4","0,2"
erwanroux,,64,50,70,63,45,67,77,66,62,66,60,64,0,"0,8","0,2",0,"0,8"
ginko,,64,58,48,76,57,64,56,61,83,61,70,62,"0,2",0,"0,1","0,7","0,1"
madamada,,64,39,61,66,68,55,58,68,60,65,62,72,0,"0,2","0,4","0,4","0,2"
capitaine_poivron,,64,40,59,74,55,63,68,53,70,63,66,65,"0,1","0,4","0,4","0,1","0,1"
maedrya,,64,56,66,54,71,49,75,62,64,54,67,72,"0,1","0,1","0,6","0,2","0,1"
y0uns,,63,52,60,54,69,66,59,61,76,62,66,61,"0,4","0,3","0,2","0,1","0,3"
nephelion,182,63,68,50,85,61,51,64,67,75,50,62,68,"0,0","0,0","0,5","0,5","0,5"
n2k4681,,63,48,55,41,66,51,60,81,78,58,78,65,"0,1","0,2","0,7",0,"0,5"
vastebrume,,63,43,51,70,61,64,62,36,87,62,79,59,0,"0,1","0,5","0,4","0,1"
kenshoo,,63,44,73,77,71,51,49,75,63,57,58,60,0,"0,1","0,8","0,1","0,1"
zanana371,,63,52,47,54,66,61,65,63,56,72,71,76,"0,0","0,1","0,1","0,8","0,1"
salamon71,210,63,40,55,56,68,67,60,48,75,66,71,64,0,"0,1","0,7","0,2","0,1"
chris29a,183,63,48,54,78,49,68,64,56,68,53,63,76,"0,0","0,3","0,2","0,5","0,1"
leorenard,,63,56,67,64,60,76,46,63,60,76,49,69,"0,2","0,1","0,2","0,5","0,1"
biscotte,197,63,46,58,77,48,62,68,62,67,60,61,67,"0,1","0,1","0,8","0,0","0,1"
zolito,24,63,39,56,61,82,46,62,59,63,65,74,60,"0,2","0,2","0,5","0,1","0,2"
tivelty,226,63,59,49,63,49,53,86,73,74,57,78,46,"0,0","0,1","0,7","0,2","0,1"
mafate,,63,50,62,55,69,69,58,64,45,77,70,58,"0,0","0,5","0,4","0,1","0,5"
sylvebarbe,107,62,35,66,48,60,64,64,66,66,77,44,68,"0,1","0,1","0,4","0,4","0,1"
alarric,,62,45,67,53,73,55,50,63,68,61,68,64,"0,1","0,2","0,5","0,2","0,2"
clovinoux,,62,60,52,58,52,64,57,63,68,73,63,71,0,"0,1","0,7","0,2","0,1"
mortix,,62,41,66,60,52,83,66,63,63,48,62,59,0,"0,4","0,6",0,"0,4"
ours_loyal,,62,34,56,68,61,53,67,73,45,53,71,74,0,0,"0,8","0,2","0,1"
abs4nte,,62,68,58,59,78,60,67,61,67,55,56,60,0,"0,4","0,2","0,4","0,4"
superbock,,62,36,58,58,60,54,55,81,76,57,67,55,0,"0,3","0,5","0,2","0,3"
aolynn52,132,62,53,52,70,81,58,54,54,62,62,60,67,0,"0,7","0,2","0,1","0,7"
zephyrion,,62,48,50,67,53,75,66,48,51,56,77,78,0,"0,3","0,4","0,3","0,3"
aurel-91,230,62,67,79,54,74,57,63,59,78,66,47,41,0,"0,5","0,1","0,4","0,5"
runforrestrun96,,62,41,59,69,63,55,56,67,49,67,65,67,"0,4","0,1","0,4","0,1","0,1"
couchpotatoe,154,62,42,68,69,58,65,68,48,73,51,56,62,0,"0,3","0,6","0,1","0,1"
chorizo_sr,,62,59,48,45,62,78,65,66,56,54,79,65,"0,2","0,1","0,2","0,5","0,1"
balisarde0894,252,61,36,62,46,62,66,54,71,70,57,54,73,"0,0","0,6","0,3","0,1","0,2"
ozzytor,,61,38,55,63,67,55,64,64,72,53,60,63,"0,1","0,2","0,5","0,2","0,1"
zelion,,61,44,44,55,59,89,61,67,55,59,57,69,"0,1",0,"0,9",0,"0,1"
randomstar,,61,48,77,59,65,70,49,41,69,70,59,55,"0,1","0,4","0,4","0,1","0,2"
nobody8,,61,50,65,65,68,66,55,65,67,44,59,59,0,"0,6","0,3","0,1","0,6"
tow-tow,,61,53,68,58,73,47,52,49,65,54,74,71,"0,3",0,"0,1","0,6","0,1"
pakkcha,280,61,27,68,60,54,40,59,66,56,67,77,63,0,"0,1","0,9",0,"0,1"
capimda,,61,42,44,51,75,43,60,67,65,60,61,83,0,"0,3","0,6","0,1","0,4"
0bsydi4n,313,61,52,61,74,57,60,61,71,53,63,49,58,0,"0,1","0,8","0,1","0,4"
ledocteur1,,61,61,74,61,70,53,57,60,59,57,67,50,"0,1","0,4","0,4","0,1","0,1"
naobol,,61,49,61,57,69,67,52,64,40,61,73,62,0,"0,6","0,2","0,2","0,6"
bongoman,,60,50,54,66,64,65,66,62,54,54,54,64,0,"0,2","0,5","0,3","0,2"
linotique,,60,71,65,65,70,64,57,45,70,46,66,56,0,"0,2","0,6","0,2","0,2"
deadstar35,67,60,47,57,52,69,55,63,48,52,68,64,73,"0,3","0,1","0,4","0,2","0,1"
reaper,138,60,37,42,57,76,56,75,50,67,51,63,65,0,"0,6","0,3","0,1","0,6"
martgv,,60,58,50,49,72,51,63,65,56,63,66,65,"0,0","0,2","0,5","0,3","0,1"
puntha,286,60,67,47,58,65,57,67,63,60,49,70,65,"0,1","0,5","0,1","0,3","0,2"
shizzuko,,60,58,52,66,58,60,63,71,70,50,60,49,"0,2",0,"0,6","0,2","0,1"
clementlefloch,,60,58,63,55,51,55,65,61,61,56,80,54,0,"0,2","0,5","0,3","0,2"
sebshooter,220,60,50,56,65,50,68,71,53,48,68,59,60,0,"0,1","0,7","0,2","0,2"
clovis,114,60,52,46,63,48,63,59,66,58,77,60,60,0,"0,1","0,7","0,2","0,4"
kamijo761,206,60,58,61,61,43,73,59,73,61,76,47,45,"0,2","0,1","0,4","0,3","0,3"
flouky,279,60,47,50,53,68,50,76,71,68,43,56,63,0,"0,4","0,3","0,3","0,1"
satinette,,60,42,63,50,61,69,55,55,68,54,72,52,0,"0,2","0,8",0,"0,1"
danieldeszka27,267,60,61,63,64,72,56,52,39,66,57,70,59,"0,3","0,2","0,3","0,2","0,1"
oignon73,,60,50,57,76,68,54,59,46,65,53,62,58,0,0,"0,9","0,1","0,1"
darkm1nou,,60,46,53,63,72,84,64,52,65,51,46,47,"0,2","0,1","0,6","0,1","0,1"
ghoti,,60,60,54,69,61,56,55,60,71,55,48,69,0,"0,6","0,2","0,2","0,6"
laghoul,143,60,66,65,50,70,69,55,67,64,50,46,61,"0,3",0,"0,4","0,3","0,3"
jojoplatine2576,,60,61,50,67,54,41,68,61,54,70,59,74,"0,1","0,2","0,7","0,0","0,2"
mehdi-20,212,60,28,56,61,53,63,82,49,55,59,50,67,0,"0,3","0,5","0,2","0,3"
theocolin21,,60,47,63,54,57,52,81,56,75,49,59,50,"0,2","0,1","0,6","0,1","0,1"
stratazoide,,60,42,57,65,57,75,55,68,54,56,68,42,"0,3",0,"0,5","0,2","0,1"
hugolopez,,60,55,50,58,54,59,60,45,65,78,62,66,0,"0,1","0,4","0,5","0,1"
rook_steady,259,59,47,78,56,55,46,53,60,59,61,60,67,"0,5","0,1","0,2","0,2","0,2"
gopper,,59,45,54,61,45,74,50,53,72,76,65,44,0,"0,5","0,5",0,"0,5"
prince_snape,,59,47,70,64,64,53,58,67,53,68,44,50,"0,2","0,5","0,3","0,0","0,1"
taillecrayon,,59,46,47,52,50,67,73,67,60,57,73,44,0,"0,6","0,3","0,1","0,6"
spacerabbit,328,59,53,57,64,83,55,58,53,49,53,69,48,"0,3",0,"0,3","0,4","0,1"
ankha71,,59,58,57,73,73,44,59,39,65,59,62,55,0,0,"0,5","0,5","0,1"
tamarang,218,59,55,68,58,56,56,68,59,52,48,53,70,0,"0,2","0,7","0,1","0,2"
nono74,,59,66,57,59,60,48,89,70,47,58,53,46,0,"0,4","0,4","0,2","0,4"
capybarbarian,,59,42,64,70,59,53,55,56,44,37,56,92,"0,1","0,0","0,8","0,1","0,5"
r3dnight,222,59,46,63,54,58,65,44,58,47,64,64,70,"0,4",0,"0,4","0,2","0,1"
indiana33,248,59,49,50,54,72,72,54,68,37,68,50,59,"0,1",0,"0,9",0,"0,1"
as_pulga,,59,45,47,66,52,52,61,52,58,62,63,73,0,0,"0,8","0,2","0,1"
orkana,,59,59,54,56,72,64,50,56,73,44,65,52,0,"0,1","0,8","0,1","0,1"
chicken_maffia,177,58,45,69,63,60,79,67,41,68,49,51,39,"0,1","0,2","0,7","0,0","0,1"
mamout,,58,54,62,51,60,73,57,50,78,49,35,70,0,"0,5","0,4","0,1","0,5"
gutbunny,,58,48,53,45,68,66,61,56,63,50,60,61,0,"0,3","0,7",0,"0,3"
funkpotatoes,303,58,60,63,57,67,64,51,58,55,64,51,54,"0,1","0,2","0,2","0,5","0,2"
spacedom,,58,41,60,46,55,63,52,55,68,67,59,58,"0,1","0,3","0,6",0,"0,3"
nekhy,13,58,33,48,58,61,63,60,79,70,42,53,50,"0,2","0,2","0,4","0,2","0,2"
babux75,,58,49,61,63,57,58,59,55,64,70,41,56,"0,2",0,"0,7","0,1","0,1"
octomuni,,58,53,55,52,50,78,61,69,47,54,48,69,0,"0,1","0,7","0,2","0,1"
tober35,176,58,72,52,65,59,53,54,51,63,77,47,63,"0,0","0,1","0,5","0,4","0,4"
ashura42,268,58,65,58,48,70,76,46,65,60,64,50,44,"0,0","0,1","0,7","0,2","0,5"
hugozen,,58,61,79,60,51,80,59,49,32,58,51,62,"0,0","0,6","0,1","0,3","0,1"
larkytior,,58,57,53,71,60,62,55,52,73,57,53,45,0,"0,1","0,8","0,1","0,2"
scorcap,116,58,55,52,64,74,55,58,58,68,59,50,43,"0,0","0,1","0,8","0,1","0,3"
nv1acc,,58,37,55,77,57,46,35,48,62,82,53,65,"0,1","0,1","0,8","0,0","0,1"
marlooon,111,58,41,65,36,55,59,61,52,69,59,63,60,0,"0,1","0,9",0,"0,2"
gabana-r6h,,58,51,56,59,46,51,75,59,58,57,62,57,"0,1","0,3","0,3","0,3","0,3"
thomasjrt,27,58,48,66,72,44,56,55,81,60,43,51,50,"0,1","0,1","0,7","0,1","0,1"
dezmond,,58,38,54,51,56,48,70,73,59,58,60,49,"0,4","0,4","0,1","0,1","0,4"
romainc,84,58,46,63,62,63,61,46,61,43,56,78,44,"0,3","0,1","0,2","0,4","0,1"
cyberman,130,58,57,63,57,46,82,60,63,34,67,57,49,"0,3","0,2","0,2","0,3","0,2"
elodie04,95,58,77,65,49,43,67,67,56,69,56,51,55,"0,1","0,1","0,8","0,0","0,3"
lycon,,58,53,58,70,58,59,41,45,71,50,62,62,0,"0,6","0,4",0,"0,6"
chelos7,,57,61,48,74,72,63,52,45,63,58,44,55,"0,1","0,2","0,6","0,1","0,4"
urcanos,122,57,33,50,57,47,51,55,60,71,60,68,56,0,0,"0,9","0,1","0,1"
cammy,178,57,54,57,37,57,63,47,55,49,57,78,74,"0,5","0,1","0,2","0,2","0,1"
sebastienk,,57,58,57,61,50,66,47,62,53,55,55,68,"0,0","0,3","0,3","0,4","0,1"
davoth05,,57,52,64,72,34,56,52,66,58,60,53,59,"0,4","0,4","0,1","0,1","0,1"
emma_92,,57,51,53,48,61,82,55,60,49,63,58,45,"0,0","0,7","0,2","0,1","0,2"
noxa,,57,33,56,45,48,45,57,71,58,74,54,65,0,"0,7","0,1","0,2","0,7"
aegis,165,57,39,62,52,57,59,65,53,67,44,59,55,0,0,"0,9","0,1","0,1"
jerem_01,,57,51,64,47,59,55,48,72,52,59,51,65,"0,0","0,5","0,4","0,1","0,3"
sullywan,,57,51,56,54,61,64,79,65,57,46,52,37,0,"0,2","0,5","0,3","0,2"
teggy,,57,74,53,51,59,55,63,50,56,64,66,55,0,"0,5","0,5",0,"0,5"
demonblanc,251,57,43,54,67,55,65,65,49,57,42,51,66,"0,3","0,2","0,4","0,1","0,5"
french-boy,,57,53,51,59,60,57,44,53,60,61,62,64,0,"0,2","0,8",0,"0,2"
clarissetremblay,,57,56,61,52,64,55,51,63,55,43,66,58,0,"0,3","0,3","0,4","0,3"
lulleh,,57,58,38,66,64,55,79,50,57,63,45,51,0,0,"0,5","0,5","0,1"
shadelman,,57,40,46,67,59,63,60,54,67,65,45,44,0,"0,2","0,5","0,3","0,2"
haylidia,,57,57,43,66,58,66,58,66,46,48,66,52,"0,1","0,1","0,8",0,"0,1"
yosheed,,57,61,63,66,45,46,55,58,74,50,69,42,"0,1","0,1","0,7","0,1","0,1"
roulia,277,57,33,52,67,71,51,39,57,53,49,57,71,0,"0,1","0,4","0,5","0,1"
redgold,77,57,43,51,62,46,29,60,85,58,55,66,55,"0,1","0,4","0,3","0,2","0,4"
fatal-bazooka,,57,41,61,47,46,55,66,63,57,67,38,67,"0,1","0,6","0,2","0,1","0,6"
leloquent5254,,57,52,49,43,63,61,47,50,58,54,63,78,"0,2","0,1","0,6","0,1","0,1"
amaya-66,,57,55,56,51,61,58,50,51,62,49,67,61,0,"0,3","0,4","0,3","0,3"
sirga5642,,57,24,60,65,55,67,65,45,50,57,59,42,"0,1","0,2","0,6","0,1","0,5"
clemgrad,83,57,50,61,38,68,71,45,59,54,60,64,45,"0,2","0,1","0,5","0,2","0,1"
goblin777,,57,36,47,66,59,49,61,61,72,61,33,57,"0,0","0,4","0,5","0,1","0,1"
engi,,57,53,35,56,62,51,76,48,68,57,47,66,0,"0,1","0,5","0,4","0,1"
cocotine,127,57,63,58,48,72,51,68,52,52,50,47,67,0,"0,1","0,8","0,1","0,1"
funambulia,,56,61,43,63,60,52,57,49,59,41,80,59,"0,4","0,3","0,3",0,"0,3"
cyrillique82,,56,56,39,53,58,52,40,71,57,65,60,69,"0,2","0,1","0,7","0,0","0,1"
jars230,,56,45,60,63,53,66,57,46,52,51,57,60,"0,0","0,6","0,2","0,2","0,1"
clara_bdx,274,56,30,43,65,55,41,70,56,53,67,62,50,"0,0","0,1","0,7","0,2","0,1"
xixemee,199,56,59,64,45,61,64,65,46,53,60,46,58,0,"0,1","0,7","0,2","0,5"
sashouille,150,56,38,47,69,70,60,48,42,55,45,67,58,"0,3","0,1","0,4","0,2","0,1"
lefonz,58,56,46,57,56,55,70,59,58,54,51,57,44,"0,0","0,2","0,5","0,3","0,1"
akram26,,56,49,54,64,54,65,58,53,53,54,43,62,"0,1","0,5","0,3","0,1","0,5"
superchaussette,219,56,44,61,54,66,63,51,50,58,48,44,65,"0,1","0,1","0,6","0,2","0,1"
faustine66,204,56,55,47,48,62,61,53,68,59,65,50,44,"0,2","0,1","0,7","0,0","0,6"
alyanas,,56,53,55,56,40,70,75,52,41,57,48,64,0,"0,1","0,7","0,2","0,1"
hiroshi_69,,56,40,41,71,53,59,68,51,55,37,61,62,"0,2","0,0","0,2","0,6","0,2"
marleene,,56,33,54,43,50,52,62,55,51,62,55,73,0,"0,6",0,"0,4","0,6"
iceonthemoon4321,,56,56,43,49,56,54,51,60,53,56,80,56,"0,1","0,1","0,7","0,1","0,6"
okami,,56,39,49,50,80,55,32,50,61,52,59,69,"0,1","0,1","0,7","0,1","0,1"
mimosa,101,56,43,53,69,71,52,52,60,57,52,46,46,0,"0,1","0,7","0,2","0,2"
alex-retro,195,56,63,50,61,70,36,65,35,61,62,53,62,"0,1","0,1","0,6","0,2","0,6"
crazymarcel,,56,39,64,59,77,42,69,51,62,41,57,34,"0,3","0,1","0,2","0,4","0,1"
syrioxe,275,56,61,62,63,60,66,61,60,41,53,42,48,0,"0,3","0,1","0,6","0,6"
lolow,,56,40,64,55,48,53,68,46,46,67,66,42,0,0,"0,9","0,1","0,1"
sniper_thx,,55,48,24,59,75,39,63,49,49,69,61,66,0,"0,4","0,6",0,"0,4"
evilspectrum,,55,59,59,49,64,51,52,57,62,51,56,54,0,"0,1","0,5","0,4","0,1"
angexv,,55,52,37,69,56,66,63,52,60,55,52,45,0,0,"0,7","0,3","0,1"
moony14,,55,45,32,71,63,56,50,61,57,50,60,53,"0,1","0,1","0,8","0,0","0,5"
adamas,,55,50,66,53,52,40,68,72,48,46,60,49,"0,1","0,1","0,6","0,2","0,1"
nono21,153,55,60,58,60,50,52,52,59,52,51,48,72,"0,0","0,5","0,3","0,2","0,2"
winmarco,215,55,35,48,62,35,59,57,62,58,78,45,50,"0,1","0,1","0,7","0,1","0,1"
a13xg3,82,55,60,54,56,63,64,59,37,59,40,52,68,"0,0","0,5","0,4","0,1","0,1"
lucy-hartik,135,55,43,63,52,58,58,42,51,59,48,51,70,"0,0","0,1","0,7","0,2","0,1"
rastapopoulos28,,55,52,72,58,44,59,51,42,61,46,62,58,"0,0","0,1","0,7","0,2","0,1"
jpmariolle,37,55,71,43,53,61,49,67,55,39,63,62,58,"0,2","0,2","0,5","0,1","0,4"
rayane_0845,160,55,41,54,46,71,52,46,54,55,61,62,47,"0,1","0,0","0,8","0,1","0,1"
ifunz,102,55,60,44,68,56,64,49,52,47,56,61,52,"0,1","0,3","0,2","0,4","0,1"
sylvette59,88,55,55,59,46,33,65,73,53,55,48,61,56,"0,0","0,3","0,6","0,1","0,1"
kinoko01,,55,55,61,58,55,60,47,56,60,56,42,53,0,"0,5","0,5",0,"0,1"
patoune,,55,51,36,45,52,64,56,75,60,49,47,64,0,"0,4","0,5","0,1","0,4"
marcopolo,,55,65,62,68,40,55,47,59,74,57,52,34,"0,1","0,2","0,6","0,1","0,5"
bleuparfait,,55,50,54,59,54,56,57,54,51,60,55,49,0,"0,1","0,4","0,5","0,4"
singerie,,55,53,57,60,66,48,57,57,54,31,54,65,0,"0,6","0,2","0,2","0,6"
gring0,298,55,66,38,68,50,65,42,66,64,40,64,49,0,"0,9","0,1",0,"0,4"
quipp,324,55,58,47,59,49,48,42,62,50,71,53,65,0,"0,6","0,2","0,2","0,6"
tortipouss,,55,46,66,72,36,45,58,47,46,70,61,47,0,0,"0,6","0,4","0,1"
sadragua,,55,61,65,49,55,46,58,54,63,44,47,66,"0,2","0,1","0,7","0,0","0,5"
limace67,,55,48,45,45,74,60,51,53,58,53,67,39,0,"0,2","0,6","0,2","0,2"
dorinnepaul,,55,47,65,40,55,63,35,54,54,63,45,70,"0,1","0,1","0,7","0,1","0,1"
firedragon6431,,54,60,70,47,59,42,44,53,58,53,57,62,0,"0,1","0,7","0,2","0,1"
leovrac,,54,58,64,68,30,58,56,64,46,52,54,53,"0,1","0,1","0,6","0,2","0,2"
axolotl,1,54,55,54,49,43,46,67,56,46,61,76,47,0,"0,6","0,4",0,"0,6"
eycso,,54,44,69,47,63,43,56,59,53,44,43,68,"0,2","0,2","0,6",0,"0,2"
gigotdagnot,166,54,66,55,55,54,51,57,60,60,48,53,51,0,0,1,0,"0,1"
luplux,223,54,50,51,57,53,55,51,61,51,53,59,52,0,0,"0,9","0,1","0,1"
nemesisTK,109,54,48,55,52,54,58,50,61,58,48,64,45,"0,1",0,"0,7","0,2","0,2"
mamatt22,7,54,45,55,68,42,68,55,37,35,48,57,79,"0,3","0,3","0,1","0,3","0,3"
zaytek,263,54,53,50,62,53,58,48,34,58,67,54,57,"0,0","0,0","0,9","0,1","0,4"
mah546,28,54,38,48,64,65,42,64,42,56,49,63,49,"0,0","0,4","0,6","0,0","0,1"
rondom92,175,54,59,59,50,45,52,67,60,61,55,63,28,"0,3","0,1","0,4","0,2","0,1"
kar070,250,54,65,60,58,55,48,53,45,65,54,50,52,"0,2","0,0","0,6","0,2","0,3"
excusemeee,,54,58,60,34,59,40,62,45,65,60,48,67,"0,1","0,2","0,6","0,1","0,2"
evaans,262,54,50,69,66,54,45,50,63,55,28,61,50,"0,1","0,0","0,8","0,1","0,6"
yawn,,54,56,64,54,48,65,51,43,58,58,56,43,"0,1","0,2","0,5","0,2","0,2"
kokori,9,54,59,70,57,53,53,42,46,50,54,56,58,0,"0,4","0,3","0,3","0,4"
daniszzz,305,54,53,63,63,42,38,84,54,61,38,40,56,"0,0","0,3","0,7","0,0","0,2"
kelva,,54,55,50,48,66,54,29,82,59,52,47,52,"0,1",0,"0,7","0,2","0,1"
quentin_fremont,3,54,45,54,68,47,52,56,51,49,60,50,50,0,"0,1","0,5","0,4","0,1"
philippecalo,,54,64,54,43,65,63,59,48,46,62,34,64,0,"0,1","0,8","0,1","0,1"
fhqlstms1234,,54,44,53,49,62,55,42,39,64,69,60,43,"0,2","0,4","0,2","0,2","0,1"
didish,,54,45,75,40,47,53,52,55,43,56,67,47,0,"0,4","0,5","0,1","0,4"
zerojanvier,172,54,50,47,48,51,59,60,53,56,53,59,51,"0,0","0,1","0,2","0,7","0,4"
meyolia,,54,51,29,59,54,66,48,61,49,58,40,72,"0,4",0,"0,5","0,1","0,1"
lacarpe,,54,21,49,66,54,46,58,59,59,53,44,48,"0,4","0,3","0,2","0,1","0,1"
revdang,167,54,59,49,61,52,56,44,61,51,64,48,49,0,0,"0,5","0,5","0,2"
hauska,,53,54,51,59,67,59,48,56,63,32,54,46,"0,3",0,"0,6","0,1","0,1"
remz01,,53,50,57,33,45,64,60,46,43,60,50,76,"0,2",0,"0,7","0,1","0,3"
alt_f4,,53,33,39,45,59,56,47,57,50,58,58,64,0,"0,1","0,8","0,1","0,1"
pheniix,,53,44,57,58,55,39,66,57,44,46,56,56,"0,3","0,2","0,3","0,2","0,2"
turbal9405,140,53,58,53,66,61,58,45,61,54,38,54,43,"0,1","0,1","0,5","0,3","0,2"
zzeylaa,,53,42,56,61,53,59,63,36,54,49,49,52,0,"0,5","0,2","0,3","0,1"
el-zizou,,53,50,47,47,60,59,61,72,56,33,35,61,0,"0,7","0,2","0,1","0,7"
bergaizen,,53,36,36,43,38,61,46,47,58,54,75,72,"0,1",0,"0,8","0,1","0,1"
maikigeeky,,53,55,47,55,50,41,67,61,49,57,59,43,"0,2","0,1","0,6","0,1","0,1"
adessyx,308,53,58,52,67,52,47,55,47,43,58,64,44,"0,1","0,4","0,4","0,1","0,4"
000svs000,,53,51,52,65,50,60,37,52,64,56,45,48,"0,5",0,"0,4","0,1","0,1"
romaric19,,53,59,42,61,48,46,50,57,57,49,56,63,"0,0","0,6","0,2","0,2","0,1"
acryleus,,53,39,61,50,63,62,47,49,37,51,44,62,0,"0,2","0,7","0,1","0,2"
spectouille,,53,54,57,60,53,54,54,46,56,42,62,42,0,0,"0,8","0,2","0,1"
komamura,125,53,50,51,57,32,67,41,67,58,40,65,48,"0,3","0,1","0,5","0,1","0,1"
cosmo,,53,64,52,56,59,74,42,48,38,50,66,40,"0,2","0,2","0,4","0,2","0,2"
mallek13,100,53,46,52,49,47,48,56,60,60,57,50,46,"0,1",0,"0,9",0,"0,5"
epsilon,169,53,42,42,60,53,60,53,48,51,66,46,47,"0,1","0,4","0,3","0,2","0,3"
leitizi08,,53,56,66,42,53,52,59,36,60,44,55,59,0,"0,2","0,7","0,1","0,1"
v3rveine,239,52,56,37,37,52,62,56,52,75,52,54,48,0,"0,2","0,7","0,1","0,5"
thomasserra,46,52,56,48,56,65,55,51,38,59,61,33,57,"0,1","0,4","0,3","0,2","0,2"
carriria,,52,50,59,41,63,61,52,62,52,44,63,26,"0,0","0,2","0,7","0,1","0,1"
raouss,126,52,51,55,49,50,62,55,42,63,68,45,35,"0,0","0,1","0,9","0,0","0,1"
kodama,,52,49,44,60,48,55,63,42,53,57,35,66,0,0,1,0,"0,1"
gwen27,285,52,43,54,48,56,46,44,66,54,48,42,65,0,0,"0,8","0,2","0,1"
krizzar,,52,42,49,39,44,63,59,56,57,39,57,58,"0,4","0,2","0,3","0,1","0,2"
moblaink,,52,51,49,42,46,63,61,41,67,61,43,49,0,"0,4","0,5","0,1","0,4"
goodluck,,52,54,33,60,50,68,46,49,64,60,41,48,0,"0,2","0,5","0,3","0,2"
laptitesavoyarde,186,52,56,41,44,61,62,63,41,54,68,43,42,"0,1","0,0","0,7","0,2","0,1"
pairede7,235,52,49,46,70,48,33,54,49,61,54,52,52,"0,2","0,1","0,3","0,4","0,1"
arnogr,59,52,32,49,35,65,60,49,55,38,57,57,53,"0,0","0,6","0,4","0,0","0,1"
ozgarden,,52,40,40,45,63,51,57,49,47,56,67,44,0,"0,2","0,2","0,6","0,2"
evilmockingjay,123,52,68,52,47,56,38,54,56,49,47,69,51,"0,0","0,1","0,9","0,0","0,1"
adking,,52,38,72,62,47,26,54,61,53,46,43,52,0,"0,1","0,5","0,4","0,1"
khalissa44,,52,61,58,41,52,34,45,68,61,58,56,46,"0,2","0,1","0,4","0,3","0,1"
vaalou,,52,50,50,44,50,60,48,55,54,49,49,59,"0,1","0,2","0,7",0,"0,2"
alinani7,,52,55,56,57,56,60,39,55,35,59,47,53,"0,0","0,4","0,5","0,1","0,2"
yobinnou,,52,48,71,53,62,39,52,53,46,53,63,26,0,"0,1","0,4","0,5","0,3"
trixie,,52,55,41,62,53,45,59,54,48,41,46,68,0,"0,2","0,5","0,3","0,2"
tashmzex,290,52,41,58,57,62,39,58,45,46,66,41,46,"0,1","0,4","0,4","0,1","0,3"
pauleta,,52,52,46,52,60,65,72,49,62,49,32,30,"0,2","0,2","0,4","0,2","0,2"
misscerise45,129,52,56,60,60,44,60,36,46,57,59,42,52,"0,4","0,4","0,2",0,"0,1"
khrapoo,,52,46,39,68,37,69,52,54,21,59,65,51,"0,2","0,1","0,5","0,2","0,1"
yohan5843,278,51,61,39,51,65,30,62,64,58,46,59,41,"0,1","0,1","0,7","0,1","0,1"
123soleil,,51,48,46,51,58,62,61,60,48,32,40,55,"0,1","0,4","0,1","0,4","0,4"
luxica,,51,33,49,41,65,53,55,47,63,41,68,32,"0,1","0,5","0,4",0,"0,5"
sebriou,258,51,47,40,44,51,56,77,59,52,44,43,47,"0,0","0,1","0,5","0,4","0,4"
quadexplorer,,51,58,46,77,55,50,58,52,44,37,41,52,0,"0,1","0,8","0,1","0,1"
eden-f4g,,51,66,59,63,45,68,51,62,53,52,40,21,"0,1","0,5","0,3","0,1","0,1"
alacou,,51,51,34,48,41,43,50,62,64,48,66,55,"0,3","0,4","0,2","0,1","0,1"
sarahhhhhhx,39,51,70,60,52,67,32,30,49,59,49,53,60,"0,0","0,5","0,4","0,1","0,1"
alix6483,,51,44,67,47,25,73,54,42,52,46,46,59,0,"0,3","0,7",0,"0,1"
arlekin,62,51,45,74,44,44,63,51,43,68,38,46,39,0,0,"0,4","0,6","0,1"
juleslbn,,51,54,27,59,48,58,58,48,41,56,66,49,0,"0,2","0,8",0,"0,1"
kamel93,40,51,51,58,51,48,51,47,52,31,71,46,54,"0,0","0,1","0,6","0,3","0,1"
cobra666,65,51,39,58,52,45,47,46,57,59,53,54,38,"0,0","0,5","0,2","0,3","0,4"
petzouille,147,51,48,62,42,57,42,48,47,51,48,63,47,0,0,"0,8","0,2","0,6"
rouge-gorge,,51,59,41,60,50,55,58,44,54,52,42,52,"0,1","0,2","0,7","0,0","0,5"
choupo28,,51,43,47,49,49,52,53,59,51,41,51,55,0,"0,2","0,3","0,5","0,5"
haymes,,51,55,47,44,66,68,33,38,58,51,45,58,0,0,"0,8","0,2","0,1"
soulmoon4681,,51,55,51,48,44,67,59,47,60,56,47,29,0,"0,5","0,4","0,1","0,5"
morgane4,115,51,45,47,54,43,45,66,35,51,47,59,61,"0,0","0,3","0,6","0,1","0,1"
whilerm,106,51,27,63,40,32,45,43,49,71,50,55,60,0,0,"0,9","0,1","0,1"
tonymichel,,51,52,60,55,51,58,55,46,53,36,50,41,0,0,"0,4","0,6","0,1"
septim9,,51,57,62,47,61,46,40,25,48,68,56,54,"0,0","0,1","0,8","0,1","0,5"
kerozel,,51,40,39,50,53,38,62,60,49,45,56,53,0,"0,1","0,7","0,2","0,1"
fantomatix,,50,52,62,48,47,52,55,40,55,46,46,55,"0,3","0,1","0,6",0,"0,1"
sergegrangy,,50,48,52,45,50,51,47,55,58,43,58,45,"0,1","0,1","0,8",0,"0,1"
marcil81,,50,66,32,45,58,62,35,53,59,57,56,46,,,,,
g_v_n,257,50,42,52,58,49,50,47,38,37,65,53,55,"0,0","0,1","0,8","0,1","0,1"
missharmony61,200,50,41,35,54,58,66,63,41,43,33,50,60,"0,1","0,1","0,4","0,4","0,2"
clara-d,,50,51,54,54,45,47,59,55,42,32,62,53,"0,2","0,1","0,6","0,1","0,1"
vinyladdiction,,50,38,43,55,39,65,46,60,56,40,45,52,"0,1","0,1","0,7","0,1","0,1"
alissonhemmer,68,50,58,51,41,57,52,51,61,40,33,54,59,"0,0","0,3","0,3","0,4","0,1"
gilsayan,,50,40,43,42,40,55,56,50,44,61,36,73,"0,1","0,0","0,8","0,1","0,1"
babus,,50,45,47,51,56,53,57,54,47,49,46,39,0,"0,1","0,6","0,3","0,1"
bibz,,50,56,47,40,68,48,50,63,34,42,57,50,0,"0,3","0,5","0,2","0,3"
papyced,60,50,55,44,41,45,56,45,51,42,59,55,60,"0,0","0,4","0,6","0,0","0,1"
reinedespres,54,50,44,58,39,65,52,58,44,57,37,54,34,0,0,"0,9","0,1","0,1"
mrzauks,113,50,52,49,40,49,45,45,59,57,49,51,54,0,"0,5","0,5",0,"0,1"
abricotloveit,,50,55,32,54,45,43,48,60,50,63,46,58,"0,2","0,5","0,3","0,0","0,1"
nicolas_chrt,,50,37,56,50,50,47,42,47,51,50,33,70,0,"0,2","0,3","0,5","0,2"
blankzz,,50,50,55,38,43,59,42,46,66,64,44,41,"0,1","0,1","0,6","0,2","0,1"
starship,,50,66,41,55,39,41,52,67,56,48,51,48,"0,2","0,3","0,4","0,1","0,1"
moustik,231,50,50,49,66,56,48,39,57,53,34,43,52,"0,1",0,"0,7","0,2","0,1"
kyuusei,,50,55,45,49,38,55,41,66,76,38,46,43,0,"0,3","0,7",0,"0,3"
demonuko,,50,55,51,54,31,53,54,54,60,34,57,47,0,"0,3","0,6","0,1","0,1"
kirak,,50,32,40,55,55,46,53,63,49,35,40,60,,,,,
oursbrun,,49,37,44,49,49,68,42,38,63,38,45,59,0,"0,2","0,8",0,"0,2"
arthur_c,,49,55,49,55,53,61,24,47,47,63,40,55,0,"0,2","0,7","0,1","0,2"
fuego17,,49,61,62,35,37,52,43,64,45,40,54,60,0,"0,1","0,5","0,4","0,1"
benku2000,,49,53,59,56,63,48,55,32,41,56,45,37,0,"0,1","0,6","0,3","0,1"
gilleslebrun,,49,47,54,51,64,41,37,38,61,47,40,57,"0,3","0,4","0,2","0,1","0,1"
doraemon1982,96,49,54,62,62,31,53,64,31,33,65,49,42,"0,0","0,1","0,9","0,0","0,5"
koootov,,49,18,74,46,43,34,48,57,64,51,40,34,"0,2","0,2","0,6",0,"0,2"
tetomo33,141,49,42,46,47,56,46,66,41,50,49,31,58,"0,1","0,5","0,2","0,2","0,2"
louisaze,,49,45,54,49,42,42,56,50,40,58,47,54,"0,1","0,1","0,3","0,5","0,1"
poutrelle,,49,49,58,68,40,48,48,61,33,43,50,40,0,"0,3","0,7",0,"0,3"
jules-leblanc,,49,40,58,51,45,50,34,51,49,47,47,58,0,"0,1","0,4","0,5","0,1"
meldoborel,,49,40,51,56,41,60,49,47,60,42,38,46,"0,1","0,3","0,3","0,3","0,4"
50centimes,,49,47,56,52,27,44,54,35,50,70,49,51,0,"0,1","0,7","0,2","0,2"
charles-grange,,49,44,64,50,45,47,48,46,40,58,47,45,"0,1","0,3","0,3","0,3","0,3"
nightmonkey,265,49,53,32,71,64,51,48,45,29,48,55,45,"0,1","0,2","0,6","0,1","0,2"
j_sharko,,49,49,55,41,52,49,34,39,60,44,56,57,"0,4","0,1","0,4","0,1","0,1"
mrclean,145,49,51,49,52,51,47,40,37,54,40,67,49,"0,1","0,4","0,3","0,2","0,2"
dreamcatcher,,49,31,47,73,45,67,29,58,59,37,22,49,"0,3",0,"0,7",0,"0,3"
antokaz,,48,40,42,53,53,55,43,43,50,54,52,39,"0,1",0,"0,8","0,1","0,3"
hayate,,48,45,47,52,47,46,59,56,53,44,37,44,"0,0","0,0","0,8","0,2","0,1"
mastermind,,48,44,46,67,25,52,53,41,47,69,47,38,0,0,"0,4","0,6","0,1"
lyzio,,48,51,63,36,55,60,28,45,56,35,53,52,0,"0,2","0,2","0,6","0,2"
django_r,,48,58,38,34,63,57,58,43,37,44,43,66,"0,3","0,2","0,5",0,"0,2"
zetta,,48,58,45,66,59,46,38,47,64,33,36,49,0,"0,3","0,6","0,1","0,3"
yohananas,,48,42,37,56,46,34,53,58,47,43,53,53,"0,5","0,2","0,3",0,"0,2"
superlulu,,48,53,49,50,58,40,21,49,37,57,52,69,0,"0,4","0,5","0,1","0,4"
haser26,,48,35,60,45,34,55,45,46,49,52,57,37,0,"0,2","0,8",0,"0,2"
cynthia23650,,48,37,23,68,51,62,42,55,40,48,58,34,"0,0","0,5","0,4","0,1","0,1"
petitcoquelicot,,48,53,62,44,55,39,30,58,31,63,39,60,"0,3","0,1","0,5","0,1","0,1"
woowoo,,48,55,55,48,48,34,51,38,66,54,41,45,0,"0,1","0,4","0,5","0,1"
seb33,163,48,55,45,66,47,38,45,53,54,51,43,35,"0,2","0,1","0,2","0,5","0,1"
captain_jiji,,48,58,49,42,60,39,44,45,36,52,45,67,"0,0","0,0","0,6","0,4","0,4"
phantom97,233,48,45,34,56,51,63,59,30,45,37,37,67,0,"0,4","0,5","0,1","0,4"
bellurum,139,48,50,56,40,31,59,42,49,64,53,33,51,"0,2","0,3","0,4","0,1","0,3"
zenbruh,,48,28,41,53,42,37,53,44,60,49,54,44,"0,1","0,1","0,6","0,2","0,1"
chamalloww,,48,43,55,46,57,53,55,40,44,43,37,47,0,0,"0,7","0,3","0,1"
cathy93,,48,51,58,48,42,40,60,36,57,45,35,58,"0,1","0,0","0,4","0,5","0,2"
lesmartest,97,48,50,51,57,39,49,59,45,43,40,44,49,"0,6","0,1","0,2","0,1","0,5"
bayoumy22,,48,49,51,50,51,35,50,32,45,69,37,56,"0,0","0,2","0,4","0,4","0,3"
fluxxy,196,48,41,67,42,37,56,40,45,33,65,35,55,0,"0,1","0,5","0,4","0,1"
lazy75,,48,50,62,36,64,45,44,42,47,51,43,42,"0,1","0,0","0,8","0,1","0,4"
alisell,,48,58,33,35,53,53,40,62,52,61,46,40,0,"0,2","0,7","0,1","0,4"
zazou,302,47,40,50,45,44,60,41,48,43,53,41,50,0,"0,5","0,4","0,1","0,2"
azmoth,,47,42,42,53,51,31,37,59,48,60,44,50,"0,1","0,1","0,3","0,5","0,1"
romybellagio,,47,52,56,55,47,55,49,38,53,34,43,45,"0,0","0,0","0,7","0,3","0,1"
neevens,,47,67,51,60,48,43,47,61,38,41,40,45,"0,1","0,2","0,6","0,1","0,2"
noisette1997,10,47,48,45,43,47,39,49,60,54,51,36,50,0,"0,2","0,6","0,2","0,2"
arthemisu,,47,67,43,58,48,50,40,55,47,38,55,39,0,"0,2","0,4","0,4","0,2"
suuuuuuuu,322,47,47,63,40,44,41,61,53,55,34,48,34,0,0,"0,7","0,3","0,1"
az3rys,291,47,39,52,52,43,29,47,56,56,46,60,32,"0,3","0,2","0,4","0,1","0,2"
jorod-41,,47,43,51,45,28,49,52,50,51,48,58,41,0,"0,1","0,9",0,"0,1"
caro-line,,47,54,40,57,50,26,44,42,29,69,59,55,0,"0,1","0,7","0,2","0,1"
lucie4039,91,47,57,35,52,38,53,40,49,48,41,67,48,"0,0","0,2","0,0","0,8","0,7"
carbonaraaa,4,47,37,49,52,41,31,60,35,51,44,54,55,"0,2",0,"0,6","0,2","0,1"
pierre_philosophale,261,47,41,46,39,43,46,38,62,50,57,48,43,"0,0","0,1","0,4","0,5","0,1"
lolala75,,47,51,55,50,48,41,65,61,43,40,35,32,"0,2","0,3","0,3","0,2","0,1"
mr_lambda,,47,34,40,52,56,38,56,44,58,47,41,37,"0,1","0,2","0,4","0,3","0,2"
amylise,,47,53,38,42,42,68,48,40,47,57,49,38,"0,3","0,3","0,3","0,1","0,1"
gwadada,,47,47,44,46,67,36,43,44,60,45,47,37,0,"0,2","0,5","0,3","0,1"
aarelen,,47,56,32,43,38,48,50,44,57,35,56,67,"0,1","0,1","0,7","0,1","0,1"
lolo17,,47,56,40,47,39,74,61,51,42,41,33,40,0,"0,1","0,7","0,2","0,1"
lunask,168,47,57,43,62,49,32,37,39,56,40,61,50,0,"0,6","0,3","0,1","0,6"
ikhare,,47,41,65,62,47,45,40,41,40,47,34,46,"0,1","0,4","0,5",0,"0,4"
yummy,,47,62,47,57,58,40,53,63,27,33,43,46,"0,1","0,1","0,7","0,1","0,3"
labananebleue,,47,58,28,50,42,41,44,56,64,48,52,42,"0,1","0,1","0,7","0,1","0,1"
wasabi,,47,70,43,49,37,54,45,52,49,36,39,63,0,"0,2","0,4","0,4","0,2"
ocoyo,,47,51,39,42,56,54,55,59,38,50,34,38,"0,1",0,"0,4","0,5","0,1"
anonyme1687,,47,55,68,47,39,38,56,46,43,47,48,32,"0,2",0,"0,4","0,4","0,1"
adri05,,47,52,42,55,46,48,39,52,46,43,53,43,,,,,
jacky3,151,47,61,42,57,56,35,47,42,61,47,47,31,"0,1","0,3","0,5","0,1","0,1"
foxine,,47,34,44,44,43,50,48,51,47,44,36,57,"0,1","0,1","0,3","0,5","0,1"
raknor,,47,72,54,31,39,53,53,54,24,59,48,51,"0,5",0,"0,4","0,1","0,1"
hoperchat,110,46,49,57,51,41,44,42,59,37,39,44,50,"0,0","0,2","0,1","0,7","0,3"
gollum,,46,53,44,44,53,35,45,38,55,45,70,35,0,"0,1","0,9",0,"0,1"
french-metal,,46,48,43,43,34,55,66,35,41,45,55,48,"0,1","0,1","0,3","0,5","0,1"
xenebidule,171,46,38,30,32,42,62,64,46,51,50,46,41,"0,0","0,1","0,1","0,8","0,2"
yashhero,213,46,67,54,49,41,61,40,45,43,62,27,40,0,"0,3","0,5","0,2","0,3"
philippejavet,,46,57,44,36,45,62,36,55,29,52,52,51,,,,,
obiken,,46,56,59,49,44,50,42,48,54,34,33,50,0,"0,6","0,2","0,2","0,1"
monsieurfrost,,46,45,49,47,26,43,45,50,48,59,42,51,"0,3",0,"0,7",0,"0,1"
anima,299,46,42,41,71,51,44,32,50,50,49,37,35,"0,1","0,1","0,1","0,7","0,1"
madeleine-sgd4,,46,30,58,51,41,38,44,58,37,45,52,37,0,0,"0,9","0,1","0,1"
clarabelka,,46,42,51,58,37,32,35,40,56,63,49,40,"0,2","0,0","0,6","0,2","0,1"
arnaud-d,,46,32,50,40,55,43,39,49,42,52,54,36,0,"0,2","0,2","0,6","0,2"
boumbastik,,46,45,52,48,40,46,27,45,61,48,46,47,"0,1","0,3","0,5","0,1","0,1"
skoll,,46,57,54,53,41,51,47,40,51,36,44,42,0,0,"0,4","0,6","0,1"
cocopops,307,46,53,52,42,47,45,34,44,55,59,41,38,0,"0,7","0,3",0,"0,6"
ratatarose,,46,50,42,45,51,55,35,49,27,45,55,55,"0,1","0,0","0,7","0,2","0,1"
saphur,,46,58,56,48,39,46,37,52,43,30,59,48,"0,2",0,"0,5","0,3","0,1"
fonka,,46,51,30,49,42,28,47,34,66,57,58,47,0,"0,3","0,7",0,"0,3"
elyune_8,,46,53,60,47,58,60,36,47,34,26,27,62,"0,2",0,"0,7","0,1","0,2"
jano45,,46,40,42,59,43,43,41,42,33,55,55,43,"0,5","0,1","0,4","0,0","0,1"
titousk,144,46,37,45,48,38,44,60,48,44,54,36,40,"0,1","0,4","0,3","0,2","0,2"
ninolaife,,45,45,47,58,55,38,54,39,36,48,34,46,"0,1","0,1","0,7","0,1","0,1"
colinpicard,,45,23,44,48,46,35,55,22,59,41,53,51,"0,2","0,1","0,6","0,1","0,1"
tacoutacc,,45,56,33,49,38,59,49,49,46,42,42,46,"0,3","0,1","0,3","0,3","0,1"
ahurax,,45,40,46,37,48,37,47,52,28,49,53,56,0,"0,1","0,5","0,4","0,1"
corentin_pg,56,45,57,53,56,45,43,65,36,41,59,25,31,"0,0","0,1","0,6","0,3","0,1"
adriane38,,45,53,52,35,38,46,36,50,47,50,42,52,0,0,"0,8","0,2","0,1"
bruxgram,,45,37,38,45,53,62,28,45,56,47,60,17,"0,2","0,1","0,6","0,1","0,1"
pollux22,,45,39,48,56,35,48,44,38,45,48,53,35,0,"0,6","0,4",0,"0,1"
loredana,,45,54,47,40,29,31,56,47,51,60,63,26,0,"0,1","0,7","0,2","0,1"
yukimura,,45,63,48,34,57,49,45,55,31,43,27,58,"0,1","0,4","0,2","0,3","0,4"
tozeur,,45,71,53,43,31,55,37,38,57,37,46,50,"0,2","0,1","0,5","0,2","0,2"
zarathustra,300,45,41,45,36,49,39,42,64,66,43,34,28,"0,4",0,"0,5","0,1","0,1"
imane42,,45,33,44,23,40,53,53,57,49,48,35,44,"0,1","0,2","0,6","0,1","0,2"
deckard,,45,32,47,40,75,26,49,40,49,33,47,40,"0,2","0,1","0,3","0,4","0,1"
docteurbrief,,44,35,49,49,35,39,47,45,49,44,37,51,0,"0,6","0,4",0,"0,6"
dorian,,44,52,32,48,44,55,53,40,49,41,35,48,"0,1","0,1","0,7","0,1","0,1"
chaisedejardin,52,44,61,52,36,59,35,36,48,28,47,58,46,0,"0,3","0,6","0,1","0,5"
azah,,44,50,43,68,29,58,47,36,32,42,43,47,,,,,
nocturne,,44,50,40,50,35,44,43,37,60,40,55,41,,,,,
alphabravo,,44,61,34,58,49,46,47,48,44,40,43,33,,,,,
elendil,,44,55,57,40,48,60,32,45,42,50,23,45,"0,1","0,1","0,6","0,2","0,1"
dadoo,,44,49,59,41,39,48,49,33,40,42,51,40,,,,,
jordana13,,44,45,39,35,46,65,50,37,22,43,57,47,"0,1","0,5","0,3","0,1","0,5"
ke1n,,44,29,41,37,54,41,38,40,39,48,55,47,0,0,"0,7","0,3","0,1"
younes_s7n,,44,31,45,33,43,51,52,50,46,30,49,40,"0,1","0,0","0,5","0,4","0,1"
jungko49,161,44,47,63,49,46,27,47,45,46,38,31,48,"0,1","0,2","0,4","0,3","0,1"
pompone,71,44,37,56,46,54,31,44,39,42,48,37,43,0,"0,5","0,5",0,"0,1"
n1k0,,44,37,52,48,50,50,61,40,26,45,39,29,0,"0,3","0,7",0,"0,3"
letouriste,,44,68,47,57,44,36,35,42,40,44,51,42,,,,,
kanth,,44,53,39,49,55,39,37,46,31,42,52,49,"0,1","0,2","0,6","0,1","0,2"
basilic,,44,50,47,44,38,62,46,50,46,33,26,47,0,"0,1","0,8","0,1","0,1"
bokylo,,44,54,46,57,42,40,38,46,56,37,32,43,,,,,
archalia,,44,45,48,53,50,37,40,33,36,47,44,48,"0,3","0,1","0,3","0,3","0,1"
madjine,64,44,52,54,44,40,36,58,60,46,35,33,31,0,"0,1","0,2","0,7","0,1"
avocatcrevette,,44,48,40,47,55,43,50,53,41,52,29,25,,,,,
sombrelune,,44,53,41,49,46,48,27,38,38,50,36,64,0,"0,6","0,2","0,2","0,6"
mysha,,44,59,55,29,30,55,47,41,52,38,43,46,0,0,"0,7","0,3","0,1"
tagada,,44,44,60,41,27,48,35,38,47,51,42,46,,,,,
solenne5197,,44,48,31,33,60,50,36,49,36,39,55,46,0,"0,1","0,5","0,4","0,3"
nofake,,44,50,42,35,40,56,47,57,30,53,42,34,"0,3",0,"0,6","0,1","0,1"
khronos,,44,61,37,57,51,30,49,45,48,40,39,40,,,,,
angel6so,,44,41,50,28,38,27,43,69,47,54,31,47,"0,0","0,3","0,6","0,1","0,1"
vampyse,227,43,47,39,46,52,40,36,45,34,49,44,48,"0,8","0,1","0,1","0,0","0,1"
lamichedepain,,43,48,54,46,34,52,44,48,41,31,37,48,,,,,
redsnaka,,43,44,48,45,31,60,59,55,26,47,32,29,"0,1","0,1","0,7","0,1","0,1"
arnaudgauthier,,43,31,45,29,63,51,41,46,28,32,44,53,,,,,
fabrizzioraneri,,43,36,50,39,37,54,56,49,50,36,34,26,0,"0,1","0,8","0,1","0,1"
bastoune6,273,43,48,44,41,69,38,55,43,49,18,35,41,"0,1","0,6","0,3","0,0","0,1"
elcompanero,,43,50,46,53,43,37,56,40,38,53,42,21,,,,,
magemo6,,43,38,50,37,40,47,45,20,55,35,69,31,,,,,
gaara,193,43,35,40,43,60,45,32,58,42,48,38,22,"0,1","0,2","0,4","0,3","0,1"
axeljoubert,78,43,45,73,51,50,26,36,41,47,43,33,28,"0,1","0,3","0,5","0,1","0,1"
zephyr,,43,67,58,38,44,34,45,56,33,31,38,52,,,,,
nomaline,156,43,32,41,36,69,52,25,25,33,32,43,71,"0,3","0,1","0,5","0,1","0,1"
mrpollo,,43,49,49,48,39,41,51,27,48,43,39,42,0,0,1,0,"0,1"
banouche,272,43,44,58,57,29,54,48,36,34,43,41,27,"0,1",0,"0,3","0,6","0,1"
enfantsauvage,,43,47,65,28,49,30,38,57,35,44,33,47,,,,,
franckpermentier,,43,51,50,37,34,41,36,35,44,49,48,50,"0,1",0,"0,4","0,5","0,1"
levoyageur,,42,47,64,45,39,34,64,31,34,45,42,26,"0,1","0,2","0,5","0,2","0,7"
relax11,,42,49,60,40,38,63,26,34,25,42,61,36,"0,1","0,3","0,3","0,3","0,3"
derkow,,42,65,40,49,62,38,36,45,31,38,41,41,,,,,
misterkiwi,,42,45,49,31,49,48,32,42,52,51,51,19,,,,,
lina_roblox,112,42,46,56,43,53,50,20,39,38,49,27,48,"0,0","0,4","0,4","0,2","0,2"
mouetteroquefort,,42,57,51,33,29,28,47,55,26,49,55,50,0,"0,2","0,3","0,5","0,1"
franck27,,42,61,45,61,33,41,47,43,38,50,18,47,0,"0,5","0,5",0,"0,5"
ashbena,,42,64,42,56,31,22,43,47,34,40,46,61,0,0,"0,5","0,5","0,1"
papillon1358,,42,38,39,63,40,34,57,33,37,40,43,35,"0,1","0,3","0,4","0,2","0,3"
sylvie_66,,42,58,46,61,50,29,37,47,32,56,22,42,0,"0,3","0,6","0,1","0,3"
modric15,,42,43,34,38,55,37,30,48,41,53,51,33,,,,,
mayaa,,42,56,49,39,47,36,36,47,36,32,60,41,,,,,
yves40,,42,31,25,48,34,42,43,41,31,62,57,37,,,,,
shkamaterasu,,42,34,17,62,35,44,43,51,61,20,52,37,0,0,1,0,"0,1"
geraltderive,,42,59,26,51,29,50,33,55,47,58,28,42,,,,,
nathanbnt33,,42,56,43,33,41,33,56,48,47,42,35,42,"0,1","0,1","0,6","0,2","0,1"
jacques64,,42,42,33,52,42,32,47,47,40,51,35,40,"0,1","0,4","0,4","0,1","0,4"
redhouseparis,,41,47,49,39,34,52,49,25,38,40,48,40,0,"0,1","0,5","0,4","0,1"
baguette_supreme,,41,68,45,32,38,38,47,47,38,43,44,43,"0,4","0,1","0,4","0,1","0,1"
p-olivier,,41,39,45,39,44,39,29,23,51,41,46,58,,,,,
salomejacquet,,41,51,37,48,46,39,43,60,28,36,42,34,,,,,
yasmine47,,41,59,36,41,37,36,45,48,43,52,35,39,"0,1","0,1","0,7","0,1","0,9"
tictac,,41,62,54,45,20,58,34,52,58,27,34,32,,,,,
celtic44,87,41,48,39,56,42,30,46,37,41,32,52,39,"0,0","0,2","0,7","0,1","0,1"
ephemer,,41,50,45,30,28,52,56,54,37,42,29,37,"0,1","0,4","0,4","0,1","0,4"
nicolasleblond,,41,26,37,41,53,51,41,50,43,19,41,36,0,"0,2","0,3","0,5","0,2"
mouchetache,,41,44,30,29,39,51,35,54,51,30,50,44,,,,,
alex-rodriguez,,41,28,30,34,51,21,34,23,49,66,51,52,,,,,
ravenlord75,14,41,56,30,42,58,44,41,39,53,30,45,28,"0,1","0,1","0,8","0,0","0,3"
pierrebarnier,,41,48,55,34,43,38,44,43,47,32,42,30,,,,,
eva-tcl,,41,58,40,45,38,48,48,41,41,39,44,25,"0,2",0,"0,5","0,3","0,1"
lordvador52,,41,37,39,37,34,21,59,43,50,47,40,39,,,,,
sir_o,,41,39,28,43,43,32,44,57,36,57,45,25,0,0,"0,9","0,1","0,1"
sarah_knt,,41,29,32,54,38,42,32,45,34,32,55,41,,,,,
kaliva,,40,54,30,46,29,48,53,46,45,38,35,33,,,,,
harald,,40,59,43,51,45,49,41,36,14,49,50,27,,,,,
obiwan-kennedy,,40,50,45,26,41,52,41,43,31,39,40,44,0,"0,3","0,2","0,5","0,3"
marsouh,,40,36,30,40,49,39,24,28,58,48,42,45,,,,,
samuel0846,216,40,47,25,26,38,49,43,25,41,48,52,56,"0,0","0,3","0,7","0,0","0,4"
ether-2qg,,40,52,37,44,48,31,66,42,38,25,19,53,,,,,
chamsy,,40,58,40,44,41,37,52,44,49,40,33,21,,,,,
zherlum,,40,40,43,36,37,42,30,43,39,52,29,52,0,"0,2","0,7","0,1","0,2"
walterwhite,,40,50,43,45,47,46,33,49,38,31,49,21,,,,,
anemo,,40,54,48,47,27,41,31,42,37,40,40,46,"0,1",0,"0,9",0,"0,1"
galaad74,,40,38,54,57,39,33,15,32,47,38,40,43,,,,,
evabaguette,,40,64,45,45,21,41,46,34,31,47,42,45,,,,,
cafenoir,,40,52,43,48,50,16,53,30,50,31,45,32,,,,,
sabine,,40,39,23,41,37,39,52,32,47,39,50,34,0,"0,5","0,3","0,2","0,5"
luluxette,,40,36,49,59,29,28,51,25,51,42,26,36,"0,1",0,"0,5","0,4","0,1"
pitchoune,,39,51,40,43,40,47,37,29,47,35,52,26,,,,,
chipie,,39,56,41,48,40,38,46,49,24,41,36,31,,,,,
valentinrichard,,39,45,38,54,47,53,36,26,42,35,26,34,,,,,
amandibulle,,39,56,41,34,31,40,43,37,30,52,44,40,,,,,
polz7,34,39,61,36,23,42,47,37,37,43,43,39,45,"0,2","0,1","0,6","0,1","0,1"
sorata,,39,55,53,35,26,46,25,40,33,53,27,53,,,,,
francoisekellner,,39,41,29,36,47,50,25,22,50,61,43,27,,,,,
7hundred,,39,65,35,47,41,47,35,37,34,34,38,41,,,,,
drakkius,,39,56,37,40,36,44,48,28,42,33,38,42,,,,,
blackknight,,39,39,32,50,42,42,23,29,45,32,46,48,,,,,
joetech,,39,54,46,27,33,25,43,47,26,47,40,51,,,,,
ellie,,39,59,43,36,35,27,50,44,52,38,22,39,,,,,
yannis,,39,31,25,62,50,35,35,39,31,36,33,39,,,,,
chihiro,,38,46,45,30,30,47,34,38,30,50,38,44,,,,,
kerron,,38,45,33,43,52,35,32,24,44,38,54,30,,,,,
enzinho,,38,29,42,30,42,22,52,54,40,49,36,17,,,,,
mossiba,,38,51,40,42,22,58,41,33,14,53,37,43,0,"0,1","0,6","0,3","0,1"
3mily_rs,,38,37,27,43,36,43,48,43,45,29,30,39,,,,,
gijisui,,38,56,29,37,39,46,21,66,36,35,28,45,,,,,
loizo60,,38,40,31,32,37,56,52,32,30,48,28,37,"0,1","0,1","0,7","0,1","0,1"
jeanjean,,38,66,24,51,41,34,51,37,25,32,50,37,,,,,
syntr0z,,38,51,34,46,43,43,34,43,45,19,45,29,,,,,
malastar,,38,53,38,28,49,45,21,52,26,44,37,40,,,,,
bakaroid,,38,51,44,31,32,43,51,27,50,28,34,40,,,,,
askander,,38,46,43,38,38,30,31,52,37,34,41,36,,,,,
michel_bastos,,38,53,46,48,37,39,47,13,25,46,31,46,0,"0,3","0,5","0,2","0,3"
fragola38,,38,40,31,17,38,35,47,60,43,41,34,32,,,,,
dimsnake,,38,26,51,46,36,27,27,30,56,37,27,39,"0,0","0,0","0,9","0,1","0,1"
kenz65,,38,44,48,23,27,41,49,37,50,35,26,40,,,,,
n3p7une,,38,49,44,35,36,35,44,38,29,35,24,55,,,,,
korobase,,38,43,50,23,13,32,50,43,41,31,53,41,,,,,
mademoisellesophie,,37,42,37,27,39,36,46,35,27,22,57,48,,,,,
yzoos,,37,48,11,34,47,48,40,30,52,18,35,58,,,,,
superluigi,,37,53,63,41,44,40,21,29,28,26,23,58,,,,,
ninjatoo,,37,48,39,35,64,41,40,29,34,30,25,35,,,,,
maosama,,37,55,34,41,44,30,49,16,39,48,39,33,,,,,
arsenic,,37,32,41,55,41,25,30,27,31,55,44,24,,,,,
zoebaron,,37,48,34,28,21,60,38,31,36,42,43,38,,,,,
king-elvis,,37,51,38,47,29,39,30,27,58,36,32,33,,,,,
nodium,,37,19,26,34,51,36,40,40,32,46,37,27,,,,,
nebbiu,,37,46,43,33,32,39,40,46,37,34,27,37,,,,,
sandrinev,,37,36,23,44,40,35,41,42,21,42,38,42,,,,,
chemist71,,37,38,33,42,28,43,45,35,33,36,37,34,,,,,
pouki71,,37,57,31,47,29,33,16,54,51,40,26,40,,,,,
cassidy,,36,65,28,42,33,54,39,18,28,36,37,46,,,,,
boa13,,36,43,43,25,33,31,35,40,48,35,22,51,,,,,
cafecreme,,36,52,41,43,19,52,40,27,45,30,52,13,,,,,
bogdan,,36,62,14,25,47,37,49,39,46,29,37,38,,,,,
powerfoule,,36,42,33,33,40,46,35,22,42,35,25,50,,,,,
moonday,,36,40,32,38,48,38,27,54,29,24,46,27,,,,,
rosemaki,,36,56,24,29,38,38,36,51,69,29,28,19,,,,,
extasy,,36,53,46,29,34,47,41,21,34,44,26,38,,,,,
wardock,,36,55,45,22,39,42,27,40,42,40,28,35,,,,,
jibz,,36,71,23,30,27,19,55,26,35,54,59,31,,,,,
numerobis,,36,47,52,21,27,25,32,42,42,28,39,49,,,,,
nezumiro,,35,70,27,35,38,42,24,40,50,33,38,28,,,,,
kakinho,,35,71,25,50,53,32,34,46,33,15,18,47,,,,,
dayard,,35,63,37,38,39,24,40,33,30,52,27,31,,,,,
andros,,35,48,24,45,40,32,11,42,42,29,43,43,,,,,
nirvana-s4a,,35,54,28,40,35,38,37,35,37,28,44,28,,,,,
jma888,,35,40,27,31,48,13,59,39,40,37,17,37,,,,,
dobbychaussette,,35,40,29,41,27,16,47,38,42,44,28,33,,,,,
calamarrr,,35,61,42,27,36,27,24,30,55,39,32,33,,,,,
mamelouk,,34,52,31,35,42,15,47,16,47,40,28,40,,,,,
solarwind,,34,58,27,55,37,39,41,34,25,25,29,27,,,,,
quintus,,34,66,30,31,29,39,32,35,40,32,30,40,,,,,
cocolasticot,,34,60,55,43,34,29,45,36,27,20,18,32,,,,,
papa_ours,,34,54,26,28,41,40,17,36,44,38,29,36,,,,,
xeroz52,,34,53,50,27,48,27,30,23,28,32,44,28,0,0,"0,9","0,1","0,4"
kratos,,34,47,47,20,32,28,26,43,34,37,38,30,,,,,
skillaz,,33,43,34,22,40,49,34,32,26,25,31,42,,,,,
luciole,,33,49,39,21,23,27,49,22,59,38,17,36,,,,,
chocolat,,33,49,9,52,34,23,23,23,36,51,42,34,,,,,
pokelie,,32,37,27,28,32,33,39,38,31,39,16,42,,,,,
octopus,,32,59,44,42,26,23,32,34,32,19,43,28,,,,,
kraffin,,32,61,42,36,32,28,30,21,39,40,30,26,,,,,
archeogeek,,32,42,22,37,42,27,47,35,29,28,28,28,,,,,
yako,,32,46,27,47,53,38,39,17,34,18,17,33,,,,,
clembrodowsky,,32,61,44,38,28,27,41,29,23,36,34,19,,,,,
onizuka,,32,31,25,27,36,21,31,27,31,32,50,36,,,,,
lunaxa,,32,53,29,46,23,40,27,53,25,15,20,36,,,,,
blaiselegrandfrere,,31,63,20,25,46,36,44,45,30,21,29,17,,,,,
seigneur_blob,,31,53,36,19,30,40,30,41,36,41,12,28,,,,,
misterb,,30,60,28,30,21,21,42,34,15,44,24,45,,,,,
arkage,,30,55,31,18,28,46,41,13,44,22,24,36,,,,,
oxysis,,30,30,34,34,23,47,28,23,32,33,32,18,,,,,
eazy-legend,,30,46,28,35,21,29,29,36,28,29,26,37,,,,,
nekys,,30,48,31,19,42,21,26,27,34,30,44,25,,,,,
radiant,,30,44,31,39,45,18,21,27,14,27,32,40,,,,,
hayate,,29,42,37,17,26,43,13,35,30,23,38,32,,,,,
mastertacos,,29,67,39,29,24,27,19,36,26,33,24,35,,,,,
zayker,,29,56,39,18,20,25,36,27,38,12,32,42,,,,,
godphazer,,27,25,11,30,12,31,31,30,40,21,34,31,,,,,
rusham,,26,43,24,21,12,19,49,23,25,33,27,28,,,,,
kotory,,26,44,29,39,9,24,29,17,38,22,18,35,,,,,
nemechris,,25,56,5,26,34,35,36,23,15,14,29,35,,,,,
yuurha,,25,64,23,15,28,9,16,38,24,41,25,36,,,,,
neprosne,,25,44,42,17,25,25,32,34,11,29,19,18,,,,,
sombra,,25,37,17,27,34,9,42,37,18,19,36,10,,,,,
cybercraft,,25,57,25,23,37,17,27,37,2,22,20,35,,,,,
syhrax,,24,42,34,13,51,17,8,12,28,22,22,37,,,,,
zimone,,23,51,28,31,31,22,11,19,17,25,36,11,,,,,