joueur,img,niveau,vitesse,arts,audiovisuel,croyances,societe,gastronomie,geographie,histoire,pop_culture,litterature,musique,science,nature,sport,divers,matin,apres_midi,soir,nuit,regularite
kirafr,103,91,91,92,88,94,84,93,95,88,97,84,93,90,94,88,87,"0,1","0,2","0,6","0,1","0,6"
kydeus,,85,80,84,100,79,87,98,83,62,84,79,84,88,96,85,81,0,"0,4","0,2","0,4","0,4"
celine76540,118,84,90,79,73,83,86,81,82,98,83,89,90,81,89,83,83,"0,1","0,4","0,4","0,1","0,1"
chloe_dps,,84,77,75,78,92,83,82,80,93,96,76,87,66,88,82,96,"0,1",0,"0,8","0,1","0,1"
maitre-bleu,164,82,34,79,85,84,87,86,85,94,88,85,84,80,81,69,63,"0,5","0,1","0,3","0,1","0,1"
sirocco,237,83,82,47,54,84,86,99,84,88,89,79,95,76,91,94,93,0,"0,1","0,7","0,2","0,3"
yuleo,133,83,91,87,87,86,88,92,88,98,68,99,80,86,38,96,64,"0,2","0,2","0,4","0,2","0,1"
m8_pepito,326,82,63,91,86,70,78,97,98,66,73,99,83,80,73,76,74,"0,1","0,5","0,3","0,1","0,5"
sacrezar,337,82,74,98,88,71,55,89,95,99,85,70,100,82,69,54,87,"0,1","0,5","0,1","0,3","0,5"
18eddi,121,79,79,71,78,45,94,91,90,86,58,82,76,88,82,88,83,0,"0,1","0,7","0,2","0,2"
calliope,234,79,86,65,96,57,70,74,72,75,98,98,83,90,50,87,87,"0,1","0,2","0,3","0,4","0,3"
hiddensquid,,79,73,76,85,65,86,67,95,86,51,86,82,99,43,95,84,0,"0,1","0,7","0,2","0,1"
portalconquest,,80,96,95,88,62,57,82,78,77,77,80,65,96,97,95,64,0,"0,1","0,7","0,2","0,1"
magellan,,78,63,88,82,89,100,95,73,74,56,90,63,84,81,62,56,"0,1","0,2","0,6","0,1","0,2"
kenshoo,,78,99,71,78,87,85,52,93,75,53,65,91,97,78,67,93,0,"0,1","0,8","0,1","0,1"
mewtwo,136,77,74,91,88,70,100,40,79,78,92,70,58,63,85,95,62,0,"0,5","0,4","0,1","0,1"
shinji-14,207,79,98,84,80,75,61,85,86,72,82,82,86,86,72,84,70,"0,0","0,5","0,5","0,0","0,4"
simaos97,,78,61,93,100,84,90,97,88,36,94,54,90,73,67,66,60,0,"0,4","0,5","0,1","0,4"
damienroulet,,77,72,81,89,65,75,77,56,72,91,99,96,75,93,50,61,0,"0,3","0,6","0,1","0,3"
qwarrock,,77,81,92,48,91,60,97,81,76,73,87,62,89,87,62,72,0,"0,6","0,3","0,1","0,6"
sorencelli,146,77,94,77,69,78,72,86,63,76,76,80,86,90,73,70,81,"0,0","0,1","0,5","0,4","0,3"
aki0,201,76,93,60,74,81,75,76,76,72,98,71,62,80,77,80,80,"0,2","0,0","0,8","0,0","0,1"
santi_305,,76,67,71,84,80,72,77,69,71,83,69,85,79,75,81,74,"0,0","0,0","0,9","0,1","0,3"
deixune,,74,66,56,91,96,63,74,54,50,89,67,83,90,55,92,74,"0,3","0,1","0,3","0,3","0,3"
zelion,,75,67,85,99,100,93,67,77,48,56,87,67,83,72,82,38,"0,1",0,"0,9",0,"0,1"
vastebrume,,78,56,74,79,80,61,93,74,96,86,75,58,65,71,94,80,0,"0,1","0,5","0,4","0,1"
deadstar35,67,74,75,67,84,77,60,58,29,97,55,92,83,86,87,98,64,"0,3","0,1","0,4","0,2","0,1"
mathis1678,,75,64,65,71,81,79,92,73,76,76,70,80,65,84,71,66,"0,0","0,4","0,3","0,3","0,1"
capitaine_poivron,,75,88,63,62,57,93,80,70,85,68,70,78,59,87,82,94,"0,1","0,4","0,4","0,1","0,1"
clovinoux,,73,62,75,48,94,88,69,43,80,91,81,92,37,86,100,44,0,"0,1","0,7","0,2","0,1"
mariuscuyper,,76,33,94,86,96,55,78,68,85,69,79,66,74,75,72,68,"0,1","0,3","0,3","0,3","0,3"
albane-mct,,77,78,94,71,81,72,75,85,82,45,66,85,87,92,78,69,"0,2","0,1","0,3","0,4","0,1"
molusk56,86,77,61,89,79,39,82,85,81,83,91,79,87,55,67,78,81,0,"0,1","0,4","0,5","0,7"
arenamold,117,74,81,76,80,73,67,72,88,72,68,69,73,88,63,74,74,"0,0","0,1","0,5","0,4","0,1"
princessedelu,155,74,58,73,75,83,86,69,66,70,74,81,77,61,73,77,75,"0,0","0,0","0,9","0,1","0,2"
nyphys,,75,87,58,71,66,63,88,53,97,87,76,84,81,87,75,59,"0,1","0,1","0,6","0,2","0,1"
canabendy,,74,99,97,96,83,77,20,33,58,64,81,90,86,80,79,86,"0,1","0,1","0,5","0,3","0,1"
y0uns,,73,44,33,54,62,71,76,91,79,94,80,72,73,96,80,63,"0,4","0,3","0,2","0,1","0,3"
oignon73,,75,82,76,63,60,74,99,89,94,61,77,85,77,48,78,69,0,0,"0,9","0,1","0,1"
madamada,,75,96,63,60,100,87,73,95,88,59,77,44,71,73,81,77,0,"0,2","0,4","0,4","0,2"
clementlefloch,,73,60,44,78,94,78,99,79,89,79,68,33,54,55,91,86,0,"0,2","0,5","0,3","0,2"
aequinox,,73,70,64,34,61,92,77,85,75,47,93,68,82,78,63,99,0,"0,3","0,3","0,4","0,3"
aolynn52,132,73,43,69,59,59,84,83,82,89,48,69,70,89,66,71,88,0,"0,7","0,2","0,1","0,7"
tivelty,226,72,51,80,77,62,70,77,68,75,72,66,73,71,67,73,80,"0,0","0,1","0,7","0,2","0,1"
aurel-91,230,75,35,91,47,84,60,74,80,48,95,99,70,95,55,77,76,0,"0,5","0,1","0,4","0,5"
nephelion,182,73,33,84,72,71,72,70,76,83,70,84,65,65,66,57,83,"0,0","0,0","0,5","0,5","0,5"
tchoupiiii,,72,16,61,78,64,64,68,70,76,75,73,69,77,82,74,72,"0,2","0,1","0,3","0,4","0,1"
crayina,,72,37,48,57,65,93,89,98,54,51,99,59,64,85,71,75,0,0,"0,9","0,1","0,1"
mcmk,,72,71,75,89,88,95,80,66,65,85,38,57,66,88,63,48,0,"0,4","0,4","0,2","0,4"
lass-atlas,,70,58,64,77,63,67,63,75,85,78,69,68,60,80,57,74,"0,0","0,1","0,6","0,3","0,2"
warren78,,71,68,63,89,51,87,66,87,67,72,41,92,43,62,82,98,0,"0,2","0,4","0,4","0,2"
salamon71,210,70,62,95,44,31,77,62,67,88,61,74,79,85,51,73,94,0,"0,1","0,7","0,2","0,1"
ladypool,,70,91,54,82,44,77,65,79,41,92,99,90,92,53,59,57,0,"0,7","0,3",0,"0,4"
mistral_gagnant,,70,39,90,50,51,45,83,68,83,79,64,74,85,44,75,94,0,"0,1","0,6","0,3","0,3"
mortix,,70,49,85,53,37,67,80,66,79,76,69,72,88,75,70,68,0,"0,4","0,6",0,"0,4"
saumonmayo,264,70,70,89,75,83,87,54,76,53,63,59,69,93,48,62,70,0,0,"0,7","0,3","0,1"
genzo,,71,70,85,95,82,76,65,62,63,83,34,67,88,54,71,64,"0,1","0,2","0,5","0,2","0,2"
prince_snape,,69,99,81,83,59,69,59,68,70,77,77,57,72,74,64,62,"0,2","0,5","0,3","0,0","0,1"
mafate,,68,93,64,80,72,67,61,83,63,61,67,70,62,71,57,79,"0,0","0,5","0,4","0,1","0,5"
linotique,,71,91,69,83,82,80,6,68,72,84,68,85,31,83,84,100,0,"0,2","0,6","0,2","0,2"
rafos52,,68,69,100,66,69,90,59,40,81,39,87,75,49,61,76,57,0,"0,2","0,6","0,2","0,2"
ours_loyal,,69,75,93,70,75,78,93,57,94,38,50,85,61,46,73,51,0,0,"0,8","0,2","0,1"
mehdi-20,212,67,42,99,65,70,70,37,72,53,60,46,64,88,64,71,73,0,"0,3","0,5","0,2","0,3"
leorenard,,68,73,56,41,60,43,69,75,42,88,77,80,68,100,54,92,"0,2","0,1","0,2","0,5","0,1"
gibson,,68,90,57,66,95,57,40,61,66,41,83,86,61,78,65,90,"0,1","0,1","0,4","0,4","0,1"
clair-h,152,67,67,76,60,71,79,67,63,60,63,70,59,75,64,59,75,"0,0","0,2","0,8","0,0","0,1"
eiko-p2d,,66,69,96,72,64,78,77,78,52,66,78,43,40,55,43,87,"0,2","0,1","0,2","0,5","0,3"
tow-tow,,64,47,69,49,91,39,97,59,54,64,79,63,44,45,58,90,"0,3",0,"0,1","0,6","0,1"
superchaussette,219,66,88,54,64,73,80,68,33,55,97,24,54,63,79,86,88,"0,1","0,1","0,6","0,2","0,1"
ozgarden,,66,93,54,62,87,95,87,46,64,61,56,59,67,65,83,41,0,"0,2","0,2","0,6","0,2"
chorizo_sr,,67,68,51,72,59,67,61,56,82,79,33,81,70,83,51,99,"0,2","0,1","0,2","0,5","0,1"
a13xg3,82,67,60,60,59,65,74,74,51,73,76,66,80,61,78,64,59,"0,0","0,5","0,4","0,1","0,1"
sylvebarbe,107,69,60,65,67,65,57,49,94,65,79,74,53,70,75,94,56,"0,1","0,1","0,4","0,4","0,1"
chris29a,183,67,38,58,55,63,76,52,79,75,66,71,67,70,45,78,78,"0,0","0,3","0,2","0,5","0,1"
hugozen,,66,89,68,65,72,72,70,70,75,52,75,60,60,68,55,68,"0,0","0,6","0,1","0,3","0,1"
martgv,,66,54,76,69,61,65,76,61,70,46,73,67,67,64,74,59,"0,0","0,2","0,5","0,3","0,1"
n2k4681,,66,86,93,32,91,88,64,68,53,54,42,68,77,76,49,70,"0,1","0,2","0,7",0,"0,5"
nobody8,,67,83,72,49,65,43,29,99,58,65,81,75,82,53,93,70,0,"0,6","0,3","0,1","0,6"
biscotte,197,66,64,55,68,58,76,62,70,72,55,65,58,82,65,60,72,"0,1","0,1","0,8","0,0","0,1"
capimda,,64,50,49,43,80,72,61,74,70,63,98,54,74,9,59,85,0,"0,3","0,6","0,1","0,4"
stratazoide,,67,52,76,100,75,67,84,36,63,31,85,90,42,64,56,63,"0,3",0,"0,5","0,2","0,1"
babux75,,65,95,50,62,78,40,59,36,91,58,91,67,38,68,78,91,"0,2",0,"0,7","0,1","0,1"
superbock,,63,94,67,70,46,60,53,59,44,72,97,45,61,72,58,80,0,"0,3","0,5","0,2","0,3"
henleya,,68,79,61,80,100,55,36,68,39,63,92,97,86,22,96,56,"0,2","0,2","0,6",0,"0,2"
couchpotatoe,154,66,59,69,61,87,100,17,95,64,59,86,18,91,30,60,81,0,"0,3","0,6","0,1","0,1"
jojoplatine2576,,65,97,63,74,65,73,50,72,54,69,65,80,57,65,60,59,"0,1","0,2","0,7","0,0","0,2"
zanana371,,64,57,73,71,70,65,65,56,55,59,62,59,60,67,67,72,"0,0","0,1","0,1","0,8","0,1"
ginko,,63,32,87,57,47,74,67,74,77,49,81,24,38,67,50,92,"0,2",0,"0,1","0,7","0,1"
spacedom,,64,46,47,58,59,27,61,86,92,70,56,73,58,70,65,79,"0,1","0,3","0,6",0,"0,3"
abs4nte,,63,48,39,85,47,92,67,47,89,51,71,63,38,53,78,64,0,"0,4","0,2","0,4","0,4"
nono74,,64,54,61,90,59,82,45,69,66,64,81,51,87,27,50,65,0,"0,4","0,4","0,2","0,4"
laghoul,143,63,60,66,45,27,68,73,56,62,75,70,83,36,44,71,99,"0,3",0,"0,4","0,3","0,3"
r3dnight,222,64,51,99,54,68,63,42,64,73,60,56,26,80,80,58,68,"0,4",0,"0,4","0,2","0,1"
pairede7,235,64,64,77,62,71,63,63,58,60,64,60,65,59,65,70,62,"0,2","0,1","0,3","0,4","0,1"
ledocteur1,,64,96,51,64,72,62,69,69,65,76,53,60,64,60,62,69,"0,1","0,4","0,4","0,1","0,1"
pakkcha,280,62,53,59,98,30,52,88,69,34,61,43,64,48,71,55,92,0,"0,1","0,9",0,"0,1"
haylidia,,63,73,53,35,71,58,73,76,49,48,69,65,77,72,56,76,"0,1","0,1","0,8",0,"0,1"
ozzytor,,64,42,65,68,52,69,55,64,62,66,66,61,71,55,70,65,"0,1","0,2","0,5","0,2","0,1"
leloquent5254,,63,61,62,50,57,63,62,75,70,71,66,42,76,65,58,63,"0,2","0,1","0,6","0,1","0,1"
emma_92,,63,86,65,68,52,60,72,68,72,50,75,70,50,58,55,66,"0,0","0,7","0,2","0,1","0,2"
capybarbarian,,63,46,61,57,64,59,53,60,66,60,60,63,74,78,71,56,"0,1","0,0","0,8","0,1","0,5"
naobol,,63,58,83,46,69,59,56,55,69,52,82,75,51,68,68,47,0,"0,6","0,2","0,2","0,6"
kyann36,,63,52,62,73,56,65,48,60,73,53,46,70,81,52,67,76,"0,2","0,2","0,6",0,"0,2"
redgold,77,64,58,97,52,25,57,50,50,71,60,51,73,63,65,79,98,"0,1","0,4","0,3","0,2","0,4"
tamarang,218,62,78,61,69,67,63,25,60,74,49,63,79,63,63,63,63,0,"0,2","0,7","0,1","0,2"
clemgrad,83,66,50,35,53,67,100,20,83,60,75,62,66,64,93,91,49,"0,2","0,1","0,5","0,2","0,1"
theocolin21,,62,74,46,94,85,73,41,76,50,48,72,70,38,83,40,58,"0,2","0,1","0,6","0,1","0,1"
erwanroux,,62,60,50,63,91,52,84,63,92,45,24,39,58,89,65,52,0,"0,8","0,2",0,"0,8"
chicken_maffia,177,62,56,78,72,55,50,70,60,65,45,75,80,42,55,50,65,"0,1","0,2","0,7","0,0","0,1"
kamijo761,206,61,73,87,79,51,60,31,64,46,47,54,88,52,66,63,70,"0,2","0,1","0,4","0,3","0,3"
rook_steady,259,63,67,54,68,61,66,60,67,68,56,48,71,65,64,68,69,"0,5","0,1","0,2","0,2","0,2"
cocotine,127,63,60,63,46,44,82,37,83,75,42,33,72,100,50,68,92,0,"0,1","0,8","0,1","0,1"
bongoman,,62,85,32,89,73,68,52,27,69,68,70,52,56,66,51,90,0,"0,2","0,5","0,3","0,2"
spacerabbit,328,61,69,98,57,53,56,68,74,65,34,39,71,47,62,69,60,"0,3",0,"0,3","0,4","0,1"
patoune,,64,48,69,49,99,71,87,77,59,58,73,68,52,46,33,55,0,"0,4","0,5","0,1","0,4"
marlooon,111,61,81,77,66,80,61,53,54,68,49,51,34,72,67,44,82,0,"0,1","0,9",0,"0,2"
chelos7,,61,45,46,71,54,53,71,67,63,60,63,57,56,63,69,56,"0,1","0,2","0,6","0,1","0,4"
satinette,,60,64,7,95,73,90,52,69,31,56,65,48,42,69,85,55,0,"0,2","0,8",0,"0,1"
flouky,279,61,48,78,50,39,73,45,58,74,85,77,65,32,30,53,88,0,"0,4","0,3","0,3","0,1"
romainc,84,64,79,78,93,83,47,73,54,74,57,57,61,30,67,72,43,"0,3","0,1","0,2","0,4","0,1"
taillecrayon,,59,52,38,89,43,53,65,45,67,76,54,76,71,54,41,52,0,"0,6","0,3","0,1","0,6"
lolow,,60,35,85,54,43,53,68,63,82,54,78,29,55,49,53,79,0,0,"0,9","0,1","0,1"
aegis,165,58,88,56,38,54,77,67,55,62,42,56,59,100,63,58,31,0,0,"0,9","0,1","0,1"
gabana-r6h,,60,70,52,66,56,59,76,64,62,60,53,57,61,58,56,53,"0,1","0,3","0,3","0,3","0,3"
alyanas,,60,58,98,46,46,75,51,64,24,67,76,68,58,52,59,57,0,"0,1","0,7","0,2","0,1"
angexv,,61,41,59,34,67,83,14,55,99,88,65,64,46,79,36,62,0,0,"0,7","0,3","0,1"
okami,,60,76,35,48,60,72,92,36,61,70,53,59,53,38,66,95,"0,1","0,1","0,7","0,1","0,1"
darkm1nou,,61,41,65,62,62,72,86,47,85,51,40,54,84,33,45,61,"0,2","0,1","0,6","0,1","0,1"
ghoti,,60,67,39,64,32,69,58,40,78,69,79,51,75,48,55,86,0,"0,6","0,2","0,2","0,6"
mr_edouard,,60,74,57,47,48,63,55,57,92,64,65,54,54,77,63,49,"0,1",0,"0,7","0,2","0,1"
crazymarcel,,60,46,64,61,83,61,40,41,67,87,67,43,74,48,64,40,"0,3","0,1","0,2","0,4","0,1"
french-boy,,57,80,45,5,64,34,53,64,51,68,55,68,67,71,90,68,0,"0,2","0,8",0,"0,2"
balisarde0894,252,58,56,52,70,48,50,72,55,60,65,45,68,48,58,55,68,"0,0","0,6","0,3","0,1","0,2"
clara_bdx,274,58,68,55,78,40,50,70,65,55,50,60,75,45,60,45,65,"0,0","0,1","0,7","0,2","0,1"
nbsssssssss,,59,29,45,80,50,50,55,60,55,90,40,60,70,55,45,65,"0,0","0,3","0,6","0,1","0,4"
rayane_0845,160,59,90,63,69,71,60,55,49,63,60,53,61,59,66,48,54,"0,1","0,0","0,8","0,1","0,1"
randomstar,,57,67,61,72,48,27,36,81,98,46,61,42,72,57,48,51,"0,1","0,4","0,4","0,1","0,2"
eycso,,61,78,78,31,85,34,88,53,85,56,2,56,74,68,50,88,"0,2","0,2","0,6",0,"0,2"
octomuni,,60,66,91,29,87,46,62,62,37,69,87,46,87,67,45,25,0,"0,1","0,7","0,2","0,1"
funambulia,,62,49,65,43,55,69,70,49,49,51,70,54,90,62,52,82,"0,4","0,3","0,3",0,"0,3"
elodie04,95,58,98,60,55,68,45,61,57,72,56,57,54,60,59,48,60,"0,1","0,1","0,8","0,0","0,3"
laptitesavoyarde,186,58,58,49,48,65,60,60,67,59,43,62,48,63,56,59,70,"0,1","0,0","0,7","0,2","0,1"
sebshooter,220,57,1,56,53,41,47,64,33,61,63,84,58,26,94,58,60,0,"0,1","0,7","0,2","0,2"
indiana33,248,57,92,73,53,74,76,72,51,60,60,60,32,55,69,47,10,"0,1",0,"0,9",0,"0,1"
sirga5642,,56,53,29,47,52,75,61,71,55,73,25,60,40,69,70,60,"0,1","0,2","0,6","0,1","0,5"
bleuparfait,,58,42,71,39,49,63,44,48,61,44,56,54,75,92,52,69,0,"0,1","0,4","0,5","0,4"
gring0,298,57,37,44,23,38,84,62,57,49,92,56,60,59,50,69,49,0,"0,9","0,1",0,"0,4"
didish,,59,34,43,87,72,54,50,31,57,54,68,58,72,35,78,65,0,"0,4","0,5","0,1","0,4"
alarric,,56,89,53,47,63,57,65,56,60,20,52,44,73,95,44,52,"0,1","0,2","0,5","0,2","0,2"
fatal-bazooka,,56,60,68,28,67,57,16,54,76,44,56,52,79,47,71,62,"0,1","0,6","0,2","0,1","0,6"
singerie,,62,88,69,78,63,72,69,36,46,51,65,54,34,70,87,67,0,"0,6","0,2","0,2","0,6"
akram26,,58,61,67,41,38,83,50,59,76,72,95,54,53,37,45,41,"0,1","0,5","0,3","0,1","0,5"
zolito,24,58,26,74,55,56,60,58,56,53,53,51,54,73,50,59,53,"0,2","0,2","0,5","0,1","0,2"
scorcap,116,58,76,56,59,62,62,65,71,52,65,55,57,56,44,51,55,"0,0","0,1","0,8","0,1","0,3"
nv1acc,,57,43,60,56,59,56,52,51,59,53,53,61,60,46,57,71,"0,1","0,1","0,8","0,0","0,1"
jars230,,57,40,61,62,68,48,68,58,64,48,54,59,56,54,53,49,"0,0","0,6","0,2","0,2","0,1"
cammy,178,57,40,66,26,66,60,82,74,57,68,22,59,57,74,51,38,"0,5","0,1","0,2","0,2","0,1"
gutbunny,,58,54,78,62,75,44,58,70,48,24,87,69,56,37,50,49,0,"0,3","0,7",0,"0,3"
mamout,,56,55,68,37,44,80,38,42,85,53,50,39,72,52,62,68,0,"0,5","0,4","0,1","0,5"
hugolopez,,55,50,59,89,62,67,87,46,51,48,49,22,58,35,71,32,0,"0,1","0,4","0,5","0,1"
lefonz,58,57,78,64,53,52,64,52,55,48,59,68,56,57,51,66,48,"0,0","0,2","0,5","0,3","0,1"
puntha,286,55,43,44,5,84,92,38,53,61,40,72,49,49,44,87,51,"0,1","0,5","0,1","0,3","0,2"
0bsydi4n,313,56,76,91,53,38,45,53,55,55,58,44,35,39,90,63,68,0,"0,1","0,8","0,1","0,4"
firedragon6431,,55,53,81,53,42,57,54,62,57,12,95,41,64,44,39,72,0,"0,1","0,7","0,2","0,1"
ashura42,268,56,24,56,58,58,57,62,69,54,64,46,58,40,54,62,48,"0,0","0,1","0,7","0,2","0,5"
maedrya,,56,69,54,46,61,57,50,58,62,51,63,69,54,52,61,51,"0,1","0,1","0,6","0,2","0,1"
lacarpe,,57,67,63,44,39,74,24,69,59,60,71,68,22,94,46,60,"0,4","0,3","0,2","0,1","0,1"
ankha71,,56,43,41,54,61,34,61,61,48,54,96,38,30,67,85,57,0,0,"0,5","0,5","0,1"
acryleus,,57,38,56,78,85,78,49,73,37,66,56,56,7,32,57,61,0,"0,2","0,7","0,1","0,2"
babus,,56,74,84,20,76,57,54,27,16,50,69,76,87,31,89,51,0,"0,1","0,6","0,3","0,1"
lulleh,,53,33,80,35,11,71,61,41,38,72,48,76,61,61,70,17,0,0,"0,5","0,5","0,1"
reaper,138,56,75,44,66,50,23,44,47,86,65,76,55,64,68,30,62,0,"0,6","0,3","0,1","0,6"
zephyrion,,55,51,37,74,68,42,68,55,64,58,21,66,34,52,43,94,0,"0,3","0,4","0,3","0,3"
limace67,,55,44,54,50,36,44,55,41,43,51,75,58,65,94,60,48,0,"0,2","0,6","0,2","0,2"
fantomatix,,57,62,61,24,76,59,92,63,53,58,29,90,47,51,37,61,"0,3","0,1","0,6",0,"0,1"
shadelman,,55,37,68,31,60,64,65,54,60,37,37,34,69,44,89,58,0,"0,2","0,5","0,3","0,2"
noxa,,57,51,98,48,72,39,37,66,73,40,44,76,67,48,42,42,0,"0,7","0,1","0,2","0,7"
sylvette59,88,56,44,57,47,76,54,54,55,65,66,56,45,50,50,48,55,"0,0","0,3","0,6","0,1","0,1"
nemesisTK,109,56,70,75,77,44,72,59,28,24,71,93,44,63,32,52,54,"0,1",0,"0,7","0,2","0,2"
moony14,,55,29,57,51,61,53,70,57,49,66,59,54,51,55,45,41,"0,1","0,1","0,8","0,0","0,5"
runforrestrun96,,54,32,40,68,40,42,55,52,48,78,38,65,45,50,80,58,"0,4","0,1","0,4","0,1","0,1"
zaytek,263,56,38,70,61,60,56,49,49,50,49,47,62,50,55,48,71,"0,0","0,0","0,9","0,1","0,4"
eden-f4g,,54,55,71,62,47,51,49,26,41,56,57,54,46,34,78,79,"0,1","0,5","0,3","0,1","0,1"
maikigeeky,,55,83,61,28,72,76,43,80,34,49,97,64,45,29,36,50,"0,2","0,1","0,6","0,1","0,1"
sullywan,,56,40,61,38,58,40,88,46,60,81,30,52,82,58,68,26,0,"0,2","0,5","0,3","0,2"
sniper_thx,,54,53,53,47,27,61,68,61,67,52,31,72,54,66,51,49,0,"0,4","0,6",0,"0,4"
nicolas_chrt,,57,49,68,87,31,49,52,61,30,47,69,44,48,70,80,58,0,"0,2","0,3","0,5","0,2"
kokori,9,55,42,37,36,35,48,50,65,92,39,87,36,66,64,35,75,0,"0,4","0,3","0,3","0,4"
engi,,55,55,50,68,21,52,32,65,71,83,88,45,47,47,38,61,0,"0,1","0,5","0,4","0,1"
yosheed,,53,66,70,37,59,76,58,89,60,27,57,45,45,49,48,22,"0,1","0,1","0,7","0,1","0,1"
excusemeee,,54,53,61,87,46,30,26,70,60,16,41,56,45,80,49,82,"0,1","0,2","0,6","0,1","0,2"
epsilon,169,55,39,66,36,76,69,66,67,36,28,33,72,44,83,41,53,"0,1","0,4","0,3","0,2","0,3"
kar070,250,53,35,49,56,57,46,64,49,58,50,51,58,54,54,57,44,"0,2","0,0","0,6","0,2","0,3"
jerem_01,,54,45,53,41,57,56,52,51,53,48,58,56,54,67,50,54,"0,0","0,5","0,4","0,1","0,3"
danieldeszka27,267,53,45,39,59,53,62,55,56,54,50,62,44,49,61,54,48,"0,3","0,2","0,3","0,2","0,1"
romaric19,,55,40,57,54,61,48,54,50,59,63,57,52,54,62,50,47,"0,0","0,6","0,2","0,2","0,1"
shizzuko,,56,87,90,46,71,47,60,92,41,40,53,46,58,52,28,60,"0,2",0,"0,6","0,2","0,1"
funkpotatoes,303,55,19,42,42,82,81,77,71,50,37,42,53,52,43,30,62,"0,1","0,2","0,2","0,5","0,2"
el-zizou,,53,39,78,53,31,55,85,71,37,62,20,52,47,58,51,41,0,"0,7","0,2","0,1","0,7"
cyberman,130,52,47,57,54,42,28,16,42,44,77,93,31,82,31,64,70,"0,3","0,2","0,2","0,3","0,2"
000svs000,,53,74,44,75,38,70,48,43,73,61,74,33,50,50,75,7,"0,5",0,"0,4","0,1","0,1"
adessyx,308,53,38,76,28,38,87,36,55,36,46,30,75,51,41,57,87,"0,1","0,4","0,4","0,1","0,4"
cosmo,,53,63,30,45,63,44,90,64,52,20,78,71,41,29,74,36,"0,2","0,2","0,4","0,2","0,2"
jpmariolle,37,54,70,58,43,42,62,53,56,63,53,57,52,67,53,48,44,"0,2","0,2","0,5","0,1","0,4"
daniszzz,305,54,41,65,67,45,47,56,51,50,61,52,55,48,46,50,58,"0,0","0,3","0,7","0,0","0,2"
iceonthemoon4321,,51,12,61,22,54,70,43,68,19,50,78,55,64,38,31,55,"0,1","0,1","0,7","0,1","0,6"
meyolia,,56,76,44,33,58,28,72,87,46,81,56,67,87,52,41,37,"0,4",0,"0,5","0,1","0,1"
fhqlstms1234,,53,57,52,56,51,59,42,49,62,56,47,51,55,48,52,59,"0,2","0,4","0,2","0,2","0,1"
mah546,28,53,36,60,60,44,51,57,48,47,44,59,63,59,59,52,40,"0,0","0,4","0,6","0,0","0,1"
rastapopoulos28,,53,30,52,49,53,67,61,50,57,54,61,45,54,55,43,46,"0,0","0,1","0,7","0,2","0,1"
cyrillique82,,53,57,55,52,49,47,57,55,53,70,54,31,64,43,54,54,"0,2","0,1","0,7","0,0","0,1"
septim9,,53,42,60,41,61,45,59,56,48,50,46,62,56,49,58,50,"0,0","0,1","0,8","0,1","0,5"
sebastienk,,53,57,58,57,68,54,49,45,47,47,46,58,52,59,50,51,"0,0","0,3","0,3","0,4","0,1"
roulia,277,53,33,13,42,55,65,59,54,38,58,89,13,77,61,41,73,0,"0,1","0,4","0,5","0,1"
quipp,324,51,47,66,80,48,10,27,52,42,55,57,54,65,48,50,62,0,"0,6","0,2","0,2","0,6"
winmarco,215,53,73,72,42,44,55,57,14,81,72,30,49,25,74,65,62,"0,1","0,1","0,7","0,1","0,1"
mamatt22,7,52,42,71,73,87,48,47,18,17,56,58,56,20,37,67,68,"0,3","0,3","0,1","0,3","0,3"
dezmond,,53,77,30,52,50,44,20,56,80,76,27,71,47,73,50,59,"0,4","0,4","0,1","0,1","0,4"
monsieurfrost,,54,53,35,60,56,63,47,28,55,85,66,34,59,80,29,55,"0,3",0,"0,7",0,"0,1"
123soleil,,53,100,79,73,74,35,63,73,44,45,34,54,48,66,18,34,"0,1","0,4","0,1","0,4","0,4"
xixemee,199,53,62,42,73,41,26,60,58,48,45,60,84,53,70,53,25,0,"0,1","0,7","0,2","0,5"
evaans,262,52,73,50,50,72,54,50,69,36,47,53,47,42,56,54,47,"0,1","0,0","0,8","0,1","0,6"
larkytior,,51,42,64,28,61,61,77,42,15,63,57,60,56,45,42,41,0,"0,1","0,8","0,1","0,2"
amaya-66,,51,53,78,48,41,62,34,57,64,49,53,71,28,33,22,69,0,"0,3","0,4","0,3","0,3"
lolala75,,52,75,57,40,41,57,39,48,59,47,64,37,60,60,60,57,"0,2","0,3","0,3","0,2","0,1"
juleslbn,,53,71,53,43,59,82,31,57,39,40,66,38,68,80,40,52,0,"0,2","0,8",0,"0,1"
alex-retro,195,51,66,39,67,69,50,55,52,47,56,52,45,55,48,34,50,"0,1","0,1","0,6","0,2","0,6"
teggy,,51,39,74,48,54,49,35,64,32,76,51,41,58,24,57,54,0,"0,5","0,5",0,"0,5"
kelva,,51,71,50,71,52,5,74,66,33,55,66,46,59,27,56,49,"0,1",0,"0,7","0,2","0,1"
django_r,,51,46,53,54,55,50,59,50,47,55,27,87,37,28,44,69,"0,3","0,2","0,5",0,"0,2"
pauleta,,50,29,33,53,11,72,13,43,91,79,51,89,46,38,56,28,"0,2","0,2","0,4","0,2","0,2"
philippecalo,,50,86,8,57,62,81,55,28,60,66,30,29,36,88,47,51,0,"0,1","0,8","0,1","0,1"
charles-grange,,51,65,57,62,49,99,56,22,20,29,74,74,19,53,53,53,"0,1","0,3","0,3","0,3","0,3"
raouss,126,51,35,43,54,56,60,51,57,60,43,55,38,38,45,51,64,"0,0","0,1","0,9","0,0","0,1"
nono21,153,51,19,49,42,60,46,48,62,51,53,46,53,58,45,50,45,"0,0","0,5","0,3","0,2","0,2"
dreamcatcher,,51,66,52,45,87,31,30,48,64,81,12,40,73,77,28,47,"0,3",0,"0,7",0,"0,3"
koootov,,53,58,33,31,57,54,45,36,43,82,35,57,80,89,51,48,"0,2","0,2","0,6",0,"0,2"
clara-d,,50,28,63,54,42,50,20,52,44,47,16,54,94,80,38,45,"0,2","0,1","0,6","0,1","0,1"
kodama,,50,46,68,61,30,70,72,45,45,66,37,67,58,32,28,16,0,0,1,0,"0,1"
quadexplorer,,50,83,66,26,39,85,83,45,48,53,45,11,32,24,84,56,0,"0,1","0,8","0,1","0,1"
missharmony61,200,51,66,50,46,56,23,48,60,31,62,61,73,58,59,70,21,"0,1","0,1","0,4","0,4","0,2"
demonblanc,251,49,57,56,35,41,57,48,41,41,50,63,47,51,50,55,53,"0,3","0,2","0,4","0,1","0,5"
nightmonkey,265,49,95,67,48,34,44,43,64,64,80,29,35,5,67,47,63,"0,1","0,2","0,6","0,1","0,2"
goblin777,,50,43,65,38,41,49,48,44,45,48,45,59,52,58,59,50,"0,0","0,4","0,5","0,1","0,1"
lucy-hartik,135,50,14,45,53,43,53,47,46,54,51,64,56,44,44,48,52,"0,0","0,1","0,7","0,2","0,1"
marcopolo,,51,51,63,5,65,40,78,41,69,34,61,68,34,32,67,51,"0,1","0,2","0,6","0,1","0,5"
alt_f4,,50,53,30,70,63,70,70,42,26,42,51,61,79,25,44,31,0,"0,1","0,8","0,1","0,1"
nekhy,13,52,17,24,26,80,26,48,57,42,72,76,41,92,70,32,43,"0,2","0,2","0,4","0,2","0,2"
vaalou,,52,89,62,31,51,75,75,32,68,57,43,71,31,35,47,46,"0,1","0,2","0,7",0,"0,2"
jules-leblanc,,50,64,44,25,61,69,56,36,55,70,55,34,72,47,42,31,0,"0,1","0,4","0,5","0,1"
ifunz,102,49,60,35,77,48,47,51,44,49,46,58,42,57,52,45,41,"0,1","0,3","0,2","0,4","0,1"
gigotdagnot,166,50,99,66,57,62,47,73,91,59,11,28,26,59,33,68,19,0,0,1,0,"0,1"
lunask,168,48,55,62,45,46,39,36,50,56,69,57,55,42,22,20,71,0,"0,6","0,3","0,1","0,6"
obiken,,49,47,69,48,20,53,59,15,92,21,37,25,54,43,96,47,0,"0,6","0,2","0,2","0,1"
arnogr,59,48,43,36,51,48,44,46,51,48,43,53,53,49,54,53,48,"0,0","0,6","0,4","0,0","0,1"
alinani7,,48,84,52,41,46,47,64,36,37,48,57,42,59,51,41,56,"0,0","0,4","0,5","0,1","0,2"
remz01,,50,49,24,6,71,95,60,47,46,55,88,27,59,57,50,21,"0,2",0,"0,7","0,1","0,3"
pheniix,,50,49,84,19,74,26,70,42,36,49,58,24,75,47,39,62,"0,3","0,2","0,3","0,2","0,2"
sergegrangy,,49,49,17,36,66,36,31,51,60,74,47,25,39,72,83,52,"0,1","0,1","0,8",0,"0,1"
spectouille,,47,73,58,35,35,63,35,57,42,52,53,61,42,74,24,29,0,0,"0,8","0,2","0,1"
gopper,,50,66,76,68,17,54,57,39,74,62,34,53,22,61,74,9,0,"0,5","0,5",0,"0,5"
madeleine-sgd4,,48,25,62,38,85,43,30,28,55,72,37,81,34,24,44,45,0,0,"0,9","0,1","0,1"
trixie,,50,36,68,41,18,45,34,29,50,74,71,61,25,74,46,57,0,"0,2","0,5","0,3","0,2"
orkana,,50,67,42,19,65,23,50,69,67,42,50,57,61,50,51,52,0,"0,1","0,8","0,1","0,1"
morgane4,115,49,41,53,44,63,53,51,61,38,45,42,48,41,49,55,44,"0,0","0,3","0,6","0,1","0,1"
v3rveine,239,51,66,52,34,65,26,69,41,50,30,28,62,80,54,73,49,0,"0,2","0,7","0,1","0,5"
tober35,176,49,75,47,68,44,53,54,43,35,50,38,57,42,46,60,47,"0,0","0,1","0,5","0,4","0,4"
moblaink,,51,50,60,75,46,42,69,42,19,51,54,63,59,26,53,59,0,"0,4","0,5","0,1","0,4"
alix6483,,49,58,70,37,24,53,50,49,42,73,64,51,30,57,47,44,0,"0,3","0,7",0,"0,1"
luplux,223,47,76,64,51,54,54,33,61,46,59,13,21,63,43,25,68,0,0,"0,9","0,1","0,1"
revdang,167,47,53,28,56,46,81,24,40,87,61,43,48,55,11,62,22,0,0,"0,5","0,5","0,2"
lyzio,,47,63,43,67,37,52,60,31,45,30,50,21,64,67,36,60,0,"0,2","0,2","0,6","0,2"
arthur_c,,51,38,42,24,39,51,56,63,88,62,57,67,33,28,48,54,0,"0,2","0,7","0,1","0,2"
imane42,,47,37,22,54,33,82,56,40,44,43,59,31,71,46,49,33,"0,1","0,2","0,6","0,1","0,2"
lycon,,50,36,68,63,36,68,22,42,29,58,71,57,46,40,50,48,0,"0,6","0,4",0,"0,6"
whilerm,106,47,63,42,30,2,80,55,52,64,85,41,8,20,40,90,46,0,0,"0,9","0,1","0,1"
sashouille,150,46,80,47,44,37,45,37,52,57,36,36,53,47,44,60,44,"0,3","0,1","0,4","0,2","0,1"
rondom92,175,48,53,42,53,47,42,42,55,52,55,36,47,40,56,57,42,"0,3","0,1","0,4","0,2","0,1"
captain_jiji,,47,41,55,45,39,39,37,45,46,44,43,53,51,61,58,35,"0,0","0,0","0,6","0,4","0,4"
sadragua,,47,69,43,39,58,56,32,54,33,47,40,55,51,49,47,48,"0,2","0,1","0,7","0,0","0,5"
choupo28,,47,30,56,44,54,39,50,69,33,83,25,64,49,17,35,43,0,"0,2","0,3","0,5","0,5"
yobinnou,,48,63,79,44,39,60,50,31,48,29,28,72,22,74,42,47,0,"0,1","0,4","0,5","0,3"
thomasjrt,27,47,24,62,22,33,43,5,26,47,67,44,56,23,59,82,87,"0,1","0,1","0,7","0,1","0,1"
luxica,,48,37,23,48,37,28,48,74,69,52,48,56,55,44,35,55,"0,1","0,5","0,4",0,"0,5"
bellurum,139,48,38,53,46,63,31,21,71,50,73,42,52,64,57,6,45,"0,2","0,3","0,4","0,1","0,3"
gwen27,285,44,32,24,61,30,46,16,39,59,42,79,33,41,56,34,51,0,0,"0,8","0,2","0,1"
seb33,163,46,43,15,19,27,89,42,36,56,44,38,49,37,66,61,58,"0,2","0,1","0,2","0,5","0,1"
mallek13,100,48,36,42,22,21,29,56,56,19,92,62,64,65,69,45,31,"0,1",0,"0,9",0,"0,5"
mimosa,101,45,37,45,4,45,44,56,48,46,43,63,41,52,50,49,41,0,"0,1","0,7","0,2","0,2"
evilmockingjay,123,46,71,46,47,49,54,52,46,43,49,50,42,40,42,40,46,"0,0","0,1","0,9","0,0","0,1"
turbal9405,140,45,30,57,43,46,46,45,45,32,37,46,47,50,41,41,57,"0,1","0,1","0,5","0,3","0,2"
syrioxe,275,46,35,75,63,55,41,51,49,48,27,55,52,40,27,20,41,0,"0,3","0,1","0,6","0,6"
anonyme1687,,44,46,32,61,61,68,39,62,34,36,32,8,49,46,63,29,"0,2",0,"0,4","0,4","0,1"
misscerise45,129,45,32,22,47,59,34,32,29,34,43,60,43,14,84,63,62,"0,4","0,4","0,2",0,"0,1"
davoth05,,49,33,68,36,36,37,45,35,11,55,58,70,81,48,38,61,"0,4","0,4","0,1","0,1","0,1"
goodluck,,47,61,39,47,32,62,31,59,39,47,51,57,56,37,56,40,0,"0,2","0,5","0,3","0,2"
urcanos,122,44,31,60,22,61,24,48,33,63,35,24,52,52,45,79,12,0,0,"0,9","0,1","0,1"
haymes,,49,94,68,59,53,30,62,48,83,43,11,45,43,37,35,69,0,0,"0,8","0,2","0,1"
adamas,,46,43,55,35,36,54,21,47,66,45,21,35,77,65,58,30,"0,1","0,1","0,6","0,2","0,1"
azmoth,,48,16,26,62,78,54,36,55,20,67,7,36,46,64,57,59,"0,1","0,1","0,3","0,5","0,1"
quentin_fremont,3,44,41,75,26,75,61,27,41,49,44,32,10,43,29,61,47,0,"0,1","0,5","0,4","0,1"
clarissetremblay,,46,30,48,59,26,65,46,53,48,54,35,47,44,14,65,43,0,"0,3","0,3","0,4","0,3"
kamel93,40,44,24,40,40,57,45,52,39,44,41,30,44,55,39,39,53,"0,0","0,1","0,6","0,3","0,1"
thomasserra,46,46,48,62,59,29,24,50,8,25,20,71,76,76,41,42,59,"0,1","0,4","0,3","0,2","0,2"
reinedespres,54,47,57,69,45,49,75,39,67,63,63,33,31,21,32,31,35,0,0,"0,9","0,1","0,1"
tetomo33,141,44,46,50,57,37,35,35,43,38,50,48,35,46,48,48,49,"0,1","0,5","0,2","0,2","0,2"
amylise,,45,24,35,51,36,51,37,53,40,50,36,44,49,54,46,52,"0,3","0,3","0,3","0,1","0,1"
bayoumy22,,44,68,47,58,31,35,34,34,32,44,47,39,41,51,71,58,"0,0","0,2","0,4","0,4","0,3"
romybellagio,,46,74,50,31,50,57,19,42,46,54,41,58,45,50,53,42,"0,0","0,0","0,7","0,3","0,1"
leovrac,,44,55,25,58,31,21,63,16,57,23,59,43,52,43,54,68,"0,1","0,1","0,6","0,2","0,2"
adking,,47,48,42,34,33,25,58,70,53,32,70,75,38,55,48,26,0,"0,1","0,5","0,4","0,1"
woowoo,,47,54,17,43,6,39,67,44,12,54,43,49,73,67,81,60,0,"0,1","0,4","0,5","0,1"
sarahhhhhhx,39,44,42,36,48,39,52,48,49,48,50,47,36,39,41,34,47,"0,0","0,5","0,4","0,1","0,1"
jungko49,161,45,25,44,44,30,39,45,46,39,51,50,33,48,59,48,48,"0,1","0,2","0,4","0,3","0,1"
tashmzex,290,45,57,59,46,43,50,43,43,37,47,41,59,41,38,47,40,"0,1","0,4","0,4","0,1","0,3"
petitcoquelicot,,45,20,39,52,51,27,49,36,48,55,60,28,37,61,16,65,"0,3","0,1","0,5","0,1","0,1"
carriria,,44,18,45,30,52,52,42,61,48,50,38,32,31,52,41,40,"0,0","0,2","0,7","0,1","0,1"
cynthia23650,,44,79,34,45,44,42,56,45,57,37,38,37,38,56,54,39,"0,0","0,5","0,4","0,1","0,1"
arlekin,62,45,27,31,51,19,46,54,47,35,43,45,32,85,30,51,59,0,0,"0,4","0,6","0,1"
raknor,,43,40,63,49,59,15,73,74,31,32,26,49,50,14,53,16,"0,5",0,"0,4","0,1","0,1"
alisell,,45,75,48,86,42,43,41,38,26,67,23,45,3,44,58,61,0,"0,2","0,7","0,1","0,4"
arthemisu,,44,34,28,31,62,21,58,86,37,54,55,13,52,43,44,38,0,"0,2","0,4","0,4","0,2"
bergaizen,,45,61,61,36,70,54,29,67,38,45,59,47,45,37,10,30,"0,1",0,"0,8","0,1","0,1"
yawn,,42,30,7,55,8,14,96,32,29,40,34,92,39,31,43,68,"0,1","0,2","0,5","0,2","0,2"
as_pulga,,43,37,43,33,7,50,61,58,51,18,39,39,52,62,39,48,0,0,"0,8","0,2","0,1"
noisette1997,10,45,54,71,45,28,31,37,48,66,37,61,23,71,54,31,33,0,"0,2","0,6","0,2","0,2"
skoll,,44,74,48,39,62,19,26,39,81,48,34,34,55,35,24,69,0,0,"0,4","0,6","0,1"
mastermind,,44,28,19,48,45,64,30,34,26,50,40,43,65,49,72,34,0,0,"0,4","0,6","0,1"
vampyse,227,43,41,55,50,38,46,39,38,38,39,43,37,46,45,38,50,"0,8","0,1","0,1","0,0","0,1"
hiroshi_69,,42,4,54,37,28,36,45,45,41,36,48,41,51,47,39,45,"0,2","0,0","0,2","0,6","0,2"
zerojanvier,172,43,38,40,42,49,59,39,42,42,41,40,53,33,40,40,44,"0,0","0,1","0,2","0,7","0,4"
starship,,43,49,27,45,44,35,53,38,49,52,45,32,29,43,49,57,"0,2","0,3","0,4","0,1","0,1"
rouge-gorge,,43,44,34,50,43,43,38,38,43,44,48,47,42,34,43,53,"0,1","0,2","0,7","0,0","0,5"
fonka,,42,29,57,45,44,43,9,62,34,68,10,57,67,33,33,30,0,"0,3","0,7",0,"0,3"
zetta,,43,15,58,39,44,35,50,41,58,13,51,45,42,72,33,21,0,"0,3","0,6","0,1","0,3"
hauska,,42,44,52,41,46,27,42,44,71,47,43,46,33,41,10,41,"0,3",0,"0,6","0,1","0,1"
kanth,,43,27,52,60,47,36,66,37,35,54,30,64,14,38,45,20,"0,1","0,2","0,6","0,1","0,2"
phantom97,233,44,27,86,31,19,53,86,30,53,28,71,28,36,21,45,26,0,"0,4","0,5","0,1","0,4"
mysha,,41,62,66,17,64,42,49,12,20,43,38,67,41,36,41,39,0,0,"0,7","0,3","0,1"
papyced,60,43,61,38,45,51,44,41,51,37,45,53,22,47,37,34,51,"0,0","0,4","0,6","0,0","0,1"
pierre_philosophale,261,42,40,56,34,40,40,39,45,42,31,43,40,49,50,34,48,"0,0","0,1","0,4","0,5","0,1"
abricotloveit,,43,38,27,28,36,43,52,45,51,52,42,40,44,57,48,31,"0,2","0,5","0,3","0,0","0,1"
gilleslebrun,,42,26,44,29,53,34,41,38,43,47,53,55,42,46,29,33,"0,3","0,4","0,2","0,1","0,1"
yohananas,,43,38,52,29,17,32,40,49,57,57,28,46,42,25,78,45,"0,5","0,2","0,3",0,"0,2"
carbonaraaa,4,44,23,23,17,77,43,68,27,21,51,55,17,42,65,64,52,"0,2",0,"0,6","0,2","0,1"
antokaz,,42,52,80,51,48,11,38,58,46,53,47,58,6,53,31,4,"0,1",0,"0,8","0,1","0,3"
aarelen,,43,22,35,9,27,41,49,55,60,45,54,7,75,46,32,63,"0,1","0,1","0,7","0,1","0,1"
blankzz,,41,3,61,41,35,45,51,37,89,46,1,79,33,9,27,26,"0,1","0,1","0,6","0,2","0,1"
tonymichel,,40,52,39,42,11,21,34,24,36,29,43,37,56,74,54,56,0,0,"0,4","0,6","0,1"
louisaze,,41,76,17,29,47,68,19,93,36,52,44,27,43,29,24,49,"0,1","0,1","0,3","0,5","0,1"
cobra666,65,40,67,34,49,42,58,23,53,24,35,41,45,33,46,37,33,"0,0","0,5","0,2","0,3","0,4"
petzouille,147,39,38,23,55,47,45,63,30,74,42,54,40,17,6,39,4,0,0,"0,8","0,2","0,6"
moustik,231,38,44,26,44,61,50,78,13,42,7,38,45,38,31,31,30,"0,1",0,"0,7","0,2","0,1"
yohan5843,278,41,54,62,35,55,57,25,40,20,19,56,16,84,44,27,33,"0,1","0,1","0,7","0,1","0,1"
jano45,,40,49,36,38,37,51,31,39,44,39,40,45,38,40,52,30,"0,5","0,1","0,4","0,0","0,1"
hayate,,40,34,27,43,44,50,45,38,33,36,44,54,28,35,47,37,"0,0","0,0","0,8","0,2","0,1"
soulmoon4681,,42,88,38,36,24,29,60,45,47,67,48,67,36,47,28,19,0,"0,5","0,4","0,1","0,5"
vinyladdiction,,40,56,72,19,55,23,28,36,51,38,24,65,59,55,5,30,"0,1","0,1","0,7","0,1","0,1"
wasabi,,39,64,43,53,46,13,49,26,30,66,40,70,59,18,24,13,0,"0,2","0,4","0,4","0,2"
haser26,,40,16,64,15,33,36,40,58,51,44,50,23,59,9,42,40,0,"0,2","0,8",0,"0,2"
chamalloww,,38,58,22,53,44,57,29,5,26,21,32,43,48,47,47,57,0,0,"0,7","0,3","0,1"
evilspectrum,,40,47,24,40,40,44,44,27,56,53,38,36,49,44,57,10,0,"0,1","0,5","0,4","0,1"
banouche,272,41,39,38,75,59,60,16,39,16,64,27,48,81,20,26,4,"0,1",0,"0,3","0,6","0,1"
madjine,64,40,46,36,16,50,42,52,36,73,72,23,32,22,31,25,45,0,"0,1","0,2","0,7","0,1"
clovis,114,41,43,21,91,39,20,42,20,42,81,27,13,61,36,58,26,0,"0,1","0,7","0,2","0,4"
sebriou,258,39,88,47,15,44,38,41,40,30,38,43,44,48,42,35,41,"0,0","0,1","0,5","0,4","0,4"
yummy,,38,25,53,62,14,8,78,18,34,43,50,62,34,28,17,35,"0,1","0,1","0,7","0,1","0,3"
khalissa44,,38,81,30,33,28,37,51,35,44,40,43,45,38,40,40,32,"0,2","0,1","0,4","0,3","0,1"
leitizi08,,37,41,27,48,54,35,41,19,46,58,39,45,30,40,19,17,0,"0,2","0,7","0,1","0,1"
krizzar,,41,21,26,41,30,9,12,14,82,59,76,55,23,58,51,32,"0,4","0,2","0,3","0,1","0,2"
ke1n,,39,18,7,68,1,56,34,19,63,33,45,36,51,54,45,36,0,0,"0,7","0,3","0,1"
arnaud-d,,40,30,38,26,41,44,12,35,79,37,54,47,36,7,55,44,0,"0,2","0,2","0,6","0,2"
bibz,,41,83,62,34,44,18,27,49,39,16,33,35,74,48,46,51,0,"0,3","0,5","0,2","0,3"
lesmartest,97,38,9,19,40,43,40,32,49,36,42,29,50,34,38,40,41,"0,6","0,1","0,2","0,1","0,5"
xenebidule,171,38,44,38,43,33,39,42,49,40,28,29,42,39,31,31,53,"0,0","0,1","0,1","0,8","0,2"
younes_s7n,,38,43,34,33,27,22,44,47,33,31,35,41,43,44,56,39,"0,1","0,0","0,5","0,4","0,1"
alacou,,36,36,43,33,49,30,41,29,34,36,29,26,46,34,37,43,"0,3","0,4","0,2","0,1","0,1"
solenne5197,,40,17,68,45,28,52,52,45,55,14,37,39,34,17,19,53,0,"0,1","0,5","0,4","0,3"
khrapoo,,36,43,35,39,31,37,18,68,65,3,39,57,32,7,48,27,"0,2","0,1","0,5","0,2","0,1"
50centimes,,39,35,17,46,35,31,32,55,45,51,27,70,25,30,44,39,0,"0,1","0,7","0,2","0,2"
relax11,,39,57,14,38,39,48,1,72,20,36,46,63,28,73,64,8,"0,1","0,3","0,3","0,3","0,3"
benku2000,,39,79,62,82,42,24,40,35,14,47,38,27,41,52,34,6,0,"0,1","0,6","0,3","0,1"
zenbruh,,38,28,75,26,25,46,8,29,50,46,40,39,37,32,51,27,"0,1","0,1","0,6","0,2","0,1"
alissonhemmer,68,37,1,41,46,49,30,36,39,39,29,30,38,39,43,32,31,"0,0","0,3","0,3","0,4","0,1"
pollux22,,39,38,40,45,68,31,75,41,83,22,25,39,24,14,33,8,0,"0,6","0,4",0,"0,1"
zzeylaa,,36,60,26,45,35,55,41,20,52,29,48,52,13,35,9,44,0,"0,5","0,2","0,3","0,1"
j_sharko,,38,55,48,59,18,36,32,14,15,50,10,43,84,33,33,51,"0,4","0,1","0,4","0,1","0,1"
saphur,,38,64,10,39,29,37,47,61,26,40,44,73,46,27,34,19,"0,2",0,"0,5","0,3","0,1"
dorinnepaul,,38,66,49,1,18,57,18,4,62,46,57,55,61,23,28,50,"0,1","0,1","0,7","0,1","0,1"
axolotl,1,36,20,17,32,51,9,22,52,37,16,42,55,20,72,31,44,0,"0,6","0,4",0,"0,6"
neevens,,37,55,37,53,21,44,70,40,32,73,29,9,42,32,23,15,"0,1","0,2","0,6","0,1","0,2"
gollum,,37,62,42,38,35,50,20,46,24,43,51,9,46,53,42,19,0,"0,1","0,9",0,"0,1"
oursbrun,,34,67,51,36,20,10,33,51,15,18,28,16,53,64,51,29,0,"0,2","0,8",0,"0,2"
faustine66,204,36,43,32,35,36,17,35,31,43,32,43,33,41,44,45,39,"0,2","0,1","0,7","0,0","0,6"
tozeur,,36,41,32,19,47,54,34,45,31,41,44,28,3,66,34,29,"0,2","0,1","0,5","0,2","0,2"
fluxxy,196,34,22,16,37,41,44,12,43,53,11,55,50,35,8,37,29,0,"0,1","0,5","0,4","0,1"
tortipouss,,37,58,30,36,45,0,83,46,50,32,27,44,37,21,47,14,0,0,"0,6","0,4","0,1"
foxine,,37,3,24,45,10,58,9,49,25,53,57,36,40,46,31,32,"0,1","0,1","0,3","0,5","0,1"
loredana,,34,63,32,11,32,91,22,23,43,42,60,34,13,40,22,10,0,"0,1","0,7","0,2","0,1"
sylvie_66,,36,35,36,24,43,58,27,32,78,43,22,31,21,35,31,23,0,"0,3","0,6","0,1","0,3"
doraemon1982,96,34,9,27,21,25,37,28,48,29,38,26,29,47,41,39,41,"0,0","0,1","0,9","0,0","0,5"
g_v_n,257,34,62,42,32,41,34,22,22,39,23,45,42,36,34,39,23,"0,0","0,1","0,8","0,1","0,1"
tacoutacc,,36,30,47,25,48,37,33,26,30,39,27,48,39,26,40,33,"0,3","0,1","0,3","0,3","0,1"
lazy75,,34,36,33,40,37,28,31,23,39,36,35,28,42,40,41,27,"0,1","0,0","0,8","0,1","0,4"
cathy93,,34,24,31,24,13,33,47,45,32,36,27,34,33,42,44,35,"0,1","0,0","0,4","0,5","0,2"
clarabelka,,35,64,37,45,27,34,56,39,38,27,31,35,31,26,33,28,"0,2","0,0","0,6","0,2","0,1"
marleene,,36,19,60,15,19,18,19,57,62,33,46,39,47,48,2,33,0,"0,6",0,"0,4","0,6"
celtic44,87,33,26,30,31,38,30,35,20,37,38,39,31,53,42,21,23,"0,0","0,2","0,7","0,1","0,1"
bastoune6,273,34,23,37,50,31,36,22,36,30,42,27,35,35,28,42,27,"0,1","0,6","0,3","0,0","0,1"
bruxgram,,33,47,78,31,11,40,22,46,17,41,68,19,27,27,13,23,"0,2","0,1","0,6","0,1","0,1"
kinoko01,,33,40,46,30,34,27,76,10,4,62,28,18,34,29,33,27,0,"0,5","0,5",0,"0,1"
elyune_8,,32,37,41,43,55,33,50,31,23,25,29,41,32,30,9,11,"0,2",0,"0,7","0,1","0,2"
ikhare,,35,42,26,59,3,63,31,48,19,53,30,6,18,48,37,51,"0,1","0,4","0,5",0,"0,4"
redsnaka,,34,64,62,37,15,24,56,13,41,31,26,29,34,16,49,39,"0,1","0,1","0,7","0,1","0,1"
suuuuuuuu,322,34,15,53,27,45,40,57,28,28,34,32,26,26,23,47,12,0,0,"0,7","0,3","0,1"
docteurbrief,,36,21,2,44,44,36,27,31,68,49,14,21,47,54,38,28,0,"0,6","0,4",0,"0,6"
n1k0,,34,15,59,27,16,26,23,13,59,15,26,36,57,40,7,68,0,"0,3","0,7",0,"0,3"
komamura,125,33,39,26,35,30,34,29,32,47,31,35,31,27,33,36,35,"0,3","0,1","0,5","0,1","0,1"
jacky3,151,33,55,37,58,20,28,31,42,23,25,25,33,41,37,33,32,"0,1","0,3","0,5","0,1","0,1"
cocopops,307,31,46,45,51,14,26,12,73,36,6,31,20,39,38,7,30,0,"0,7","0,3",0,"0,6"
angel6so,,33,47,37,32,29,36,25,33,36,36,33,36,30,23,41,33,"0,0","0,3","0,6","0,1","0,1"
gilsayan,,33,36,42,35,40,32,29,20,41,30,46,42,23,26,37,24,"0,1","0,0","0,8","0,1","0,1"
demonuko,,32,77,48,45,30,31,22,15,19,19,37,26,8,33,52,60,0,"0,3","0,6","0,1","0,1"
zarathustra,300,32,18,20,51,17,28,5,8,54,26,60,45,56,31,19,34,"0,4",0,"0,5","0,1","0,1"
french-metal,,35,17,0,26,2,46,46,49,44,27,44,48,38,67,25,28,"0,1","0,1","0,3","0,5","0,1"
archalia,,34,50,17,22,23,15,29,21,54,60,25,50,41,52,30,32,"0,3","0,1","0,3","0,3","0,1"
sir_o,,33,3,65,41,33,43,39,28,32,13,32,5,37,29,23,47,0,0,"0,9","0,1","0,1"
yukimura,,35,68,60,25,29,31,7,32,32,48,25,31,33,55,54,27,"0,1","0,4","0,2","0,3","0,4"
colinpicard,,32,50,15,0,41,21,44,40,49,36,16,52,35,33,40,31,"0,2","0,1","0,6","0,1","0,1"
anima,299,35,27,46,4,40,0,47,52,20,29,67,43,2,46,39,51,"0,1","0,1","0,1","0,7","0,1"
hoperchat,110,32,19,31,45,29,34,23,26,43,16,36,23,42,29,39,38,"0,0","0,2","0,1","0,7","0,3"
ratatarose,,32,14,45,28,29,25,37,21,26,20,41,33,42,34,35,33,"0,1","0,0","0,7","0,2","0,1"
jorod-41,,31,34,14,9,27,34,74,9,1,26,64,36,25,29,37,46,0,"0,1","0,9",0,"0,1"
meldoborel,,29,3,7,29,18,53,26,25,49,1,19,51,34,29,63,2,"0,1","0,3","0,3","0,3","0,4"
ahurax,,33,14,42,37,13,23,42,47,62,23,8,57,8,49,15,32,0,"0,1","0,5","0,4","0,1"
franckpermentier,,33,7,3,69,44,54,15,62,23,5,19,23,57,23,30,30,"0,1",0,"0,4","0,5","0,1"
titousk,144,31,12,40,30,24,18,26,43,40,26,29,23,36,35,35,33,"0,1","0,4","0,3","0,2","0,2"
az3rys,291,31,49,5,6,21,31,8,30,22,27,50,82,15,42,55,45,"0,3","0,2","0,4","0,1","0,2"
basilic,,30,12,52,15,4,66,33,28,51,8,22,40,13,22,37,24,0,"0,1","0,8","0,1","0,1"
poutrelle,,33,18,49,20,33,31,20,33,35,31,20,56,33,27,64,10,0,"0,3","0,7",0,"0,3"
ephemer,,32,7,15,21,27,32,52,11,32,67,49,50,7,37,27,15,"0,1","0,4","0,4","0,1","0,4"
mossiba,,31,49,13,63,12,27,45,40,19,17,52,71,17,19,17,25,0,"0,1","0,6","0,3","0,1"
mrclean,145,31,11,35,20,41,33,35,32,33,17,28,38,20,40,30,33,"0,1","0,4","0,3","0,2","0,2"
eva-tcl,,28,20,34,9,26,17,45,27,30,46,35,6,41,16,26,27,"0,2",0,"0,5","0,3","0,1"
redhouseparis,,30,19,31,5,9,24,43,23,65,77,12,10,30,29,22,39,0,"0,1","0,5","0,4","0,1"
jordana13,,28,52,9,53,55,49,14,18,32,19,31,48,16,10,8,27,"0,1","0,5","0,3","0,1","0,5"
mr_lambda,,32,23,36,3,45,45,37,24,8,49,11,36,31,49,45,32,"0,1","0,2","0,4","0,3","0,2"
yashhero,213,29,54,17,49,34,43,20,34,23,27,39,18,43,23,11,25,0,"0,3","0,5","0,2","0,3"
baguette_supreme,,29,28,40,12,29,63,56,19,11,12,33,30,22,22,17,39,"0,4","0,1","0,4","0,1","0,1"
adriane38,,29,16,12,29,62,25,28,26,40,1,7,30,51,41,8,47,0,0,"0,8","0,2","0,1"
zazou,302,27,3,37,1,8,21,66,9,20,24,36,35,44,44,31,5,0,"0,5","0,4","0,1","0,2"
yasmine47,,30,48,23,33,25,34,22,32,24,26,27,28,18,37,52,38,"0,1","0,1","0,7","0,1","0,9"
levoyageur,,30,38,28,25,19,42,38,29,26,14,43,34,33,18,31,34,"0,1","0,2","0,5","0,2","0,7"
kerozel,,29,21,30,41,38,37,46,9,2,26,16,12,57,28,36,25,0,"0,1","0,7","0,2","0,1"
shkamaterasu,,29,25,23,6,40,12,34,13,48,50,43,45,32,27,22,15,0,0,1,0,"0,1"
kyuusei,,30,48,10,19,23,44,29,37,17,15,43,43,61,19,31,30,0,"0,3","0,7",0,"0,3"
mrpollo,,28,16,37,60,17,42,26,0,26,28,55,23,34,18,20,6,0,0,1,0,"0,1"
elendil,,30,21,53,8,29,38,54,37,22,40,37,20,17,28,5,26,"0,1","0,1","0,6","0,2","0,1"
caro-line,,27,50,40,25,14,43,13,16,13,0,44,42,31,47,7,45,0,"0,1","0,7","0,2","0,1"
superlulu,,29,24,1,45,24,14,86,52,33,11,47,23,1,22,26,22,0,"0,4","0,5","0,1","0,4"
lina_roblox,112,27,18,22,33,20,27,44,24,31,25,28,25,19,37,26,19,"0,0","0,4","0,4","0,2","0,2"
mrzauks,113,26,9,51,39,1,11,8,14,33,27,24,28,42,32,18,33,0,"0,5","0,5",0,"0,1"
ocoyo,,27,15,3,18,29,39,24,28,34,39,14,21,22,38,31,43,"0,1",0,"0,4","0,5","0,1"
labananebleue,,28,9,50,9,37,51,39,30,24,0,3,37,43,18,22,22,"0,1","0,1","0,7","0,1","0,1"
dorian,,27,7,30,38,34,15,5,34,20,34,6,24,16,55,53,11,"0,1","0,1","0,7","0,1","0,1"
chaisedejardin,52,26,38,62,71,49,5,31,61,0,15,3,15,33,12,7,4,0,"0,3","0,6","0,1","0,5"
samuel0846,216,27,32,32,27,16,27,20,26,28,26,28,36,19,37,21,32,"0,0","0,3","0,7","0,0","0,4"
corentin_pg,56,26,19,35,35,36,27,29,33,27,12,17,18,31,26,12,19,"0,0","0,1","0,6","0,3","0,1"
mouetteroquefort,,26,29,36,50,15,69,24,15,3,27,0,31,29,12,11,35,0,"0,2","0,3","0,5","0,1"
boumbastik,,26,8,21,2,8,32,0,21,27,28,44,45,56,21,24,39,"0,1","0,3","0,5","0,1","0,1"
anemo,,27,17,41,2,32,34,49,5,31,16,37,31,43,37,12,11,"0,1",0,"0,9",0,"0,1"
franck27,,26,7,24,33,50,40,22,22,33,29,7,19,31,11,33,8,0,"0,5","0,5",0,"0,5"
ninolaife,,25,34,2,32,9,64,20,13,17,5,22,30,60,33,29,13,"0,1","0,1","0,7","0,1","0,1"
sombrelune,,23,36,5,31,35,19,26,19,54,13,28,26,17,11,18,25,0,"0,6","0,2","0,2","0,6"
loizo60,,24,47,22,11,22,35,51,36,9,1,25,62,22,6,3,24,"0,1","0,1","0,7","0,1","0,1"
dimsnake,,25,5,35,17,19,32,20,9,19,24,15,23,24,30,41,39,"0,0","0,0","0,9","0,1","0,1"
nomaline,156,26,40,43,34,18,28,30,38,16,36,11,35,26,22,6,14,"0,3","0,1","0,5","0,1","0,1"
ravenlord75,14,26,52,25,28,21,27,20,24,31,26,36,25,24,23,32,21,"0,1","0,1","0,8","0,0","0,3"
papillon1358,,24,30,19,5,20,15,32,8,7,49,48,18,35,30,5,44,"0,1","0,3","0,4","0,2","0,3"
gwadada,,23,22,16,31,18,42,19,12,22,13,5,15,20,43,18,49,0,"0,2","0,5","0,3","0,1"
jacques64,,27,48,56,21,8,29,34,8,21,14,23,41,6,75,34,11,"0,1","0,4","0,4","0,1","0,4"
gaara,193,25,62,31,37,23,38,11,17,19,17,25,28,29,16,27,25,"0,1","0,2","0,4","0,3","0,1"
xeroz52,,24,32,14,27,28,21,22,20,25,51,27,22,1,40,10,25,0,0,"0,9","0,1","0,4"
fuego17,,22,16,29,51,43,6,15,6,9,50,0,12,17,38,16,18,0,"0,1","0,5","0,4","0,1"
polz7,34,23,41,21,20,54,17,24,17,20,4,18,17,26,39,21,21,"0,2","0,1","0,6","0,1","0,1"
obiwan-kennedy,,23,17,3,30,38,7,19,31,39,16,17,18,29,13,51,12,0,"0,3","0,2","0,5","0,3"
lolo17,,24,29,18,23,17,19,15,21,19,18,18,28,44,46,13,39,0,"0,1","0,7","0,2","0,1"
nicolasleblond,,22,52,33,11,2,41,21,15,33,12,28,9,5,37,32,25,0,"0,2","0,3","0,5","0,2"
luluxette,,21,12,37,15,13,12,10,22,28,8,17,29,39,45,12,3,"0,1",0,"0,5","0,4","0,1"
deckard,,21,41,13,7,13,5,16,9,37,12,24,23,46,23,25,46,"0,2","0,1","0,3","0,4","0,1"
michel_bastos,,21,43,31,4,38,3,17,12,12,25,44,36,6,40,23,2,0,"0,3","0,5","0,2","0,3"
lucie4039,91,21,8,22,12,13,23,15,18,26,14,32,16,23,19,31,23,"0,0","0,2","0,0","0,8","0,7"
axeljoubert,78,20,52,26,11,21,0,44,7,23,16,22,19,21,20,36,11,"0,1","0,3","0,5","0,1","0,1"
nathanbnt33,,20,51,3,4,33,5,11,60,4,24,4,33,20,12,29,41,"0,1","0,1","0,6","0,2","0,1"
zherlum,,20,10,11,4,29,10,7,36,29,40,23,51,4,13,16,12,0,"0,2","0,7","0,1","0,2"
pompone,71,18,2,16,18,8,24,12,24,24,13,15,3,20,28,10,38,0,"0,5","0,5",0,"0,1"
fabrizzioraneri,,17,34,17,11,4,8,28,11,11,24,11,11,24,28,14,33,0,"0,1","0,8","0,1","0,1"
nofake,,17,25,26,3,18,3,7,17,39,32,19,9,39,6,10,8,"0,3",0,"0,6","0,1","0,1"
ashbena,,13,21,14,0,7,13,7,33,35,1,6,13,0,32,15,7,0,0,"0,5","0,5","0,1"
sabine,,10,35,13,1,1,20,6,2,1,15,9,20,29,4,18,1,0,"0,5","0,3","0,2","0,5"
kirak,,,,,,,,,,,,,,,,,,,,,,
salomejacquet,,,,,,,,,,,,,,,,,,,,,,
kerron,,,,,,,,,,,,,,,,,,,,,,
p-olivier,,,,,,,,,,,,,,,,,,,,,,
azah,,,,,,,,,,,,,,,,,,,,,,
fragola38,,,,,,,,,,,,,,,,,,,,,,
sarah_knt,,,,,,,,,,,,,,,,,,,,,,
derkow,,,,,,,,,,,,,,,,,,,,,,
maosama,,,,,,,,,,,,,,,,,,,,,,
valentinrichard,,,,,,,,,,,,,,,,,,,,,,
yzoos,,,,,,,,,,,,,,,,,,,,,,
lamichedepain,,,,,,,,,,,,,,,,,,,,,,
amandibulle,,,,,,,,,,,,,,,,,,,,,,
kakinho,,,,,,,,,,,,,,,,,,,,,,
geraltderive,,,,,,,,,,,,,,,,,,,,,,
mayaa,,,,,,,,,,,,,,,,,,,,,,
evabaguette,,,,,,,,,,,,,,,,,,,,,,
tagada,,,,,,,,,,,,,,,,,,,,,,
philippejavet,,,,,,,,,,,,,,,,,,,,,,
cafenoir,,,,,,,,,,,,,,,,,,,,,,
khronos,,,,,,,,,,,,,,,,,,,,,,
yves40,,,,,,,,,,,,,,,,,,,,,,
elcompanero,,,,,,,,,,,,,,,,,,,,,,
malastar,,,,,,,,,,,,,,,,,,,,,,
misterkiwi,,,,,,,,,,,,,,,,,,,,,,
marcil81,,,,,,,,,,,,,,,,,,,,,,
sandrinev,,,,,,,,,,,,,,,,,,,,,,
avocatcrevette,,,,,,,,,,,,,,,,,,,,,,
nebbiu,,,,,,,,,,,,,,,,,,,,,,
bokylo,,,,,,,,,,,,,,,,,,,,,,
gijisui,,,,,,,,,,,,,,,,,,,,,,
chipie,,,,,,,,,,,,,,,,,,,,,,
pierrebarnier,,,,,,,,,,,,,,,,,,,,,,
dadoo,,,,,,,,,,,,,,,,,,,,,,
magemo6,,,,,,,,,,,,,,,,,,,,,,
letouriste,,,,,,,,,,,,,,,,,,,,,,
mouchetache,,,,,,,,,,,,,,,,,,,,,,
7hundred,,,,,,,,,,,,,,,,,,,,,,
korobase,,,,,,,,,,,,,,,,,,,,,,
tictac,,,,,,,,,,,,,,,,,,,,,,
enfantsauvage,,,,,,,,,,,,,,,,,,,,,,
alex-rodriguez,,,,,,,,,,,,,,,,,,,,,,
marsouh,,,,,,,,,,,,,,,,,,,,,,
yannis,,,,,,,,,,,,,,,,,,,,,,
harald,,,,,,,,,,,,,,,,,,,,,,
boa13,,,,,,,,,,,,,,,,,,,,,,
mademoisellesophie,,,,,,,,,,,,,,,,,,,,,,
adri05,,,,,,,,,,,,,,,,,,,,,,
joetech,,,,,,,,,,,,,,,,,,,,,,
nocturne,,,,,,,,,,,,,,,,,,,,,,
calamarrr,,,,,,,,,,,,,,,,,,,,,,
kenz65,,,,,,,,,,,,,,,,,,,,,,
arnaudgauthier,,,,,,,,,,,,,,,,,,,,,,
zephyr,,,,,,,,,,,,,,,,,,,,,,
lunaxa,,,,,,,,,,,,,,,,,,,,,,
powerfoule,,,,,,,,,,,,,,,,,,,,,,
ellie,,,,,,,,,,,,,,,,,,,,,,
ether-2qg,,,,,,,,,,,,,,,,,,,,,,
nirvana-s4a,,,,,,,,,,,,,,,,,,,,,,
wardock,,,,,,,,,,,,,,,,,,,,,,
sorata,,,,,,,,,,,,,,,,,,,,,,
yako,,,,,,,,,,,,,,,,,,,,,,
kaliva,,,,,,,,,,,,,,,,,,,,,,
jeanjean,,,,,,,,,,,,,,,,,,,,,,
jibz,,,,,,,,,,,,,,,,,,,,,,
clembrodowsky,,,,,,,,,,,,,,,,,,,,,,
andros,,,,,,,,,,,,,,,,,,,,,,
moonday,,,,,,,,,,,,,,,,,,,,,,
arsenic,,,,,,,,,,,,,,,,,,,,,,
francoisekellner,,,,,,,,,,,,,,,,,,,,,,
galaad74,,,,,,,,,,,,,,,,,,,,,,
n3p7une,,,,,,,,,,,,,,,,,,,,,,
syntr0z,,,,,,,,,,,,,,,,,,,,,,
solarwind,,,,,,,,,,,,,,,,,,,,,,
lordvador52,,,,,,,,,,,,,,,,,,,,,,
pouki71,,,,,,,,,,,,,,,,,,,,,,
nodium,,,,,,,,,,,,,,,,,,,,,,
ninjatoo,,,,,,,,,,,,,,,,,,,,,,
pitchoune,,,,,,,,,,,,,,,,,,,,,,
walterwhite,,,,,,,,,,,,,,,,,,,,,,
askander,,,,,,,,,,,,,,,,,,,,,,
nezumiro,,,,,,,,,,,,,,,,,,,,,,
chihiro,,,,,,,,,,,,,,,,,,,,,,
chemist71,,,,,,,,,,,,,,,,,,,,,,
numerobis,,,,,,,,,,,,,,,,,,,,,,
blackknight,,,,,,,,,,,,,,,,,,,,,,
bogdan,,,,,,,,,,,,,,,,,,,,,,
extasy,,,,,,,,,,,,,,,,,,,,,,
kratos,,,,,,,,,,,,,,,,,,,,,,
quintus,,,,,,,,,,,,,,,,,,,,,,
misterb,,,,,,,,,,,,,,,,,,,,,,
alphabravo,,,,,,,,,,,,,,,,,,,,,,
modric15,,,,,,,,,,,,,,,,,,,,,,
jma888,,,,,,,,,,,,,,,,,,,,,,
king-elvis,,,,,,,,,,,,,,,,,,,,,,
chamsy,,,,,,,,,,,,,,,,,,,,,,
3mily_rs,,,,,,,,,,,,,,,,,,,,,,
bakaroid,,,,,,,,,,,,,,,,,,,,,,
kotory,,,,,,,,,,,,,,,,,,,,,,
rosemaki,,,,,,,,,,,,,,,,,,,,,,
superluigi,,,,,,,,,,,,,,,,,,,,,,
drakkius,,,,,,,,,,,,,,,,,,,,,,
chocolat,,,,,,,,,,,,,,,,,,,,,,
enzinho,,,,,,,,,,,,,,,,,,,,,,
papa_ours,,,,,,,,,,,,,,,,,,,,,,
cassidy,,,,,,,,,,,,,,,,,,,,,,
luciole,,,,,,,,,,,,,,,,,,,,,,
skillaz,,,,,,,,,,,,,,,,,,,,,,
nekys,,,,,,,,,,,,,,,,,,,,,,
cocolasticot,,,,,,,,,,,,,,,,,,,,,,
kraffin,,,,,,,,,,,,,,,,,,,,,,
mastertacos,,,,,,,,,,,,,,,,,,,,,,
cafecreme,,,,,,,,,,,,,,,,,,,,,,
dobbychaussette,,,,,,,,,,,,,,,,,,,,,,
blaiselegrandfrere,,,,,,,,,,,,,,,,,,,,,,
zoebaron,,,,,,,,,,,,,,,,,,,,,,
radiant,,,,,,,,,,,,,,,,,,,,,,
neprosne,,,,,,,,,,,,,,,,,,,,,,
mamelouk,,,,,,,,,,,,,,,,,,,,,,
pokelie,,,,,,,,,,,,,,,,,,,,,,
seigneur_blob,,,,,,,,,,,,,,,,,,,,,,
dayard,,,,,,,,,,,,,,,,,,,,,,
archeogeek,,,,,,,,,,,,,,,,,,,,,,
yuurha,,,,,,,,,,,,,,,,,,,,,,
nemechris,,,,,,,,,,,,,,,,,,,,,,
hayate,,,,,,,,,,,,,,,,,,,,,,
zayker,,,,,,,,,,,,,,,,,,,,,,
syhrax,,,,,,,,,,,,,,,,,,,,,,
sombra,,,,,,,,,,,,,,,,,,,,,,
eazy-legend,,,,,,,,,,,,,,,,,,,,,,
arkage,,,,,,,,,,,,,,,,,,,,,,
godphazer,,,,,,,,,,,,,,,,,,,,,,
cybercraft,,,,,,,,,,,,,,,,,,,,,,
onizuka,,,,,,,,,,,,,,,,,,,,,,
oxysis,,,,,,,,,,,,,,,,,,,,,,
rusham,,,,,,,,,,,,,,,,,,,,,,